handle,tier,name,purpose,school,membership
unjadedatx,Tier 1,(un)Jaded,"Health, Wellness & Awareness",Campus-wide / No specific school,Likely open (not stated)
officialpulseclub,Tier 1,0fficial Pulse Club,Hobbies & Special Interest,Campus-wide / No specific school,Open to all
hmcc_atx,Tier 1,Access Christian Fellowship,Religious & Spiritual,Campus-wide / No specific school,Likely open (not stated)
activeminds.ut,Tier 1,Active Minds at The University of Texas at Austin,"Health, Wellness & Awareness",Campus-wide / No specific school,Likely open (not stated)
actscollegefellowship,Tier 1,Acts College Fellowship,Religious & Spiritual,Campus-wide / No specific school,Likely open (not stated)
txactuarial,Tier 1,Actuarial Science Club,Business & Entrepreneurship,McCombs School of Business,Likely open (not stated)
adapttexas,Tier 1,ADAPT Texas,Engineering & Energy,Cockrell School of Engineering (by discipline),Open to all
acf.atx,Tier 1,Adventist Christian Fellowship at UT Austin,Religious & Spiritual,Campus-wide / No specific school,Likely open (not stated)
ascend_texas,Tier 1,Aerial Solutions for Combatting Emergencies and Natural Disasters,Engineering & Energy,Cockrell School of Engineering (by discipline),Likely open (not stated)
texas_aso,Tier 1,African Students Organization,Cultural & Identity,Campus-wide / No specific school,Open to all
aiesec_in_austin,Tier 1,AIESEC in Austin,Business & Entrepreneurship,McCombs School of Business,Likely open (not stated)
almaoncampusatx,Tier 1,Alliance on Latinx Mental-Health Awareness,"Health, Wellness & Awareness",Campus-wide / No specific school,Likely open (not stated)
asap_utaustin,Tier 1,Allied Scholars for Animal Protection at The University of Texas at Austin,"Advocacy, Politics & Policy",Campus-wide / No specific school,Major / program focused (often open)
texasaed,Tier 1,Alpha Epsilon Delta - Pre-Health Honor Society,Honor Society,College of Natural Sciences,Selective (application / GPA / invitation)
texasakpsi,Tier 1,Alpha Kappa Psi - Prof. Bus. Frat.,Business & Entrepreneurship,McCombs School of Business,Open to all
txaldpes,Tier 1,Alpha Lambda Delta Phi Eta Sigma - Freshmen,Honor Society,Campus-wide / No specific school,Selective (application / GPA / invitation)
almutexas,Tier 1,Alpha Lambda Mu at UT Austin,Religious & Spiritual,Campus-wide / No specific school,Likely open (not stated)
atxalphaomega,Tier 1,Alpha Omega,Religious & Spiritual,Campus-wide / No specific school,Likely open (not stated)
texasapo,Tier 1,Alpha Phi Omega,Service & Volunteering,Campus-wide / No specific school,Selective (application / tryout)
txalphaphisigma,Tier 1,Alpha Phi Sigma - Pre Health Honors Society,Honor Society,College of Natural Sciences,Selective (application / GPA / invitation)
ut_arc,Tier 1,Amateur Radio Club at the University of Texas at Austin,Hobbies & Special Interest,Campus-wide / No specific school,N/A (office or program)
texasaaees,Tier 1,American Academy of Environmental Engineers and Scientists at the University of Texas,Engineering & Energy,Cockrell School of Engineering,Likely open (not stated)
aade.utex,Tier 1,American Association of Drilling Engineers,Engineering & Energy,Cockrell School of Engineering,Likely open (not stated)
aapp.atx,Tier 1,"American Association of Psychiatric Pharmacists, Austin Texas Collegiate Chapter",Pre-Health & Healthcare,College of Pharmacy,Likely open (not stated)
aci_utaustin,Tier 1,American Concrete Institute,Engineering & Energy,Cockrell School of Engineering,Likely open (not stated)
aiaa_ut,Tier 1,American Institute of Aeronautics and Astronautics,Engineering & Energy,Cockrell School of Engineering (by discipline),Likely open (not stated)
texas.aiche,Tier 1,American Institute of Chemical Engineers,Engineering & Energy,Cockrell School of Engineering,Likely open (not stated)
ut.alcsi,Tier 1,American Lung Cancer Screening Initiative,"Health, Wellness & Awareness",Campus-wide / No specific school,Likely open (not stated)
texasama,Tier 1,"American Marketing Association, UT Collegiate Chapter",Business & Entrepreneurship,McCombs School of Business,Likely open (not stated)
amsaut,Tier 1,American Medical Student Association - Pre-med,Pre-Health & Healthcare,College of Natural Sciences,Likely open (not stated)
ans.texas,Tier 1,American Nuclear Society,Engineering & Energy,Cockrell School of Engineering,Open to all
redcrossclubtexas,Tier 1,American Red Cross Club at The University of Texas at Austin,Service & Volunteering,Campus-wide / No specific school,Likely open (not stated)
asce_ut,Tier 1,American Society of Civil Engineers,Engineering & Energy,Cockrell School of Engineering,Likely open (not stated)
ut.asme,Tier 1,American Society of Mechanical Engineers,Engineering & Energy,Cockrell School of Engineering,Major / program focused (often open)
the.anime.club.ut,Tier 1,Anime Club,Hobbies & Special Interest,Campus-wide / No specific school,Likely open (not stated)
asa_utaustin,Tier 1,Arab Students Association,Cultural & Identity,Campus-wide / No specific school,Selective (application / tryout)
aeitexas,Tier 1,Architectural Engineering Institute,Engineering & Energy,Cockrell School of Engineering,Likely open (not stated)
armenianstudents_ut,Tier 1,Armenian Students Association,Cultural & Identity,Campus-wide / No specific school,Likely open (not stated)
texasaacm,Tier 1,Asian American Campus Ministry,Religious & Spiritual,Campus-wide / No specific school,Likely open (not stated)
texasabsa,Tier 1,Asian Business Students Association,Business & Entrepreneurship,McCombs School of Business,Likely open (not stated)
texas_acm,Tier 1,Association for Computing Machinery,"Tech, Computing & AI",College of Natural Sciences,Likely open (not stated)
texas_abcs,Tier 1,Association of Black Computer Scientists,"Tech, Computing & AI",College of Natural Sciences,Likely open (not stated)
txcomputational,Tier 1,Association of Computational Engineers,Engineering & Energy,Cockrell School of Engineering,Likely open (not stated)
texasalpfa,Tier 1,Association of Latino Professionals For America,Business & Entrepreneurship,McCombs School of Business,Likely open (not stated)
atidna.utexas,Tier 1,Atidna at the University of Texas,Cultural & Identity,Campus-wide / No specific school,Likely open (not stated)
atx.scioly,Tier 1,ATX Science Olympiad,Service & Volunteering,Campus-wide / No specific school,Likely open (not stated)
welcome_acccf,Tier 1,Austin Chinese Campus Christian Fellowship,Religious & Spiritual,Campus-wide / No specific school,Likely open (not stated)
austinlifecollege,Tier 1,Austin Life Church Students Chapter,Religious & Spiritual,Campus-wide / No specific school,Major / program focused (often open)
simplebarenecessitiesaustin,Tier 1,Austin Simple Bare Necessities,Service & Volunteering,Campus-wide / No specific school,Likely open (not stated)
austinstembuddies,Tier 1,Austin STEM Buddies,Service & Volunteering,Campus-wide / No specific school,Likely open (not stated)
austin.sds,Tier 1,Austin Students for a Democratic Society,"Advocacy, Politics & Policy",Campus-wide / No specific school,Likely open (not stated)
asc_ut,Tier 1,Austin Sunshine Camps at The University of Texas at Austin,Service & Volunteering,Campus-wide / No specific school,Likely open (not stated)
atx_nsa,Tier 1,Austin Texas Nursing Students' Association,Pre-Health & Healthcare,School of Nursing,Likely open (not stated)
awake_utaustin,Tier 1,AWAKE (Anointed Worship Awakes Koreans and Everyone),Religious & Spiritual,Campus-wide / No specific school,Open to all
longhornbsm,Tier 1,Baptist Student Ministry,Religious & Spiritual,Campus-wide / No specific school,Selective (application / tryout)
beevobeekeepers,Tier 1,Beekeeping Society,Hobbies & Special Interest,Campus-wide / No specific school,Likely open (not stated)
texas.bsa,Tier 1,Bengali Students Association,Cultural & Identity,Campus-wide / No specific school,Likely open (not stated)
longhornbestbuddies,Tier 1,Best Buddies,Service & Volunteering,Campus-wide / No specific school,Likely open (not stated)
tribetaatut,Tier 1,Beta Beta Beta Biological Honor Society,Honor Society,College of Natural Sciences,Selective (application / GPA / invitation)
texasbmes,Tier 1,Biomedical Engineering Society,Engineering & Energy,Cockrell School of Engineering,Likely open (not stated)
boltutaustin,Tier 1,Biomedical Outreach and Leadership Team,Service & Volunteering,Campus-wide / No specific school,Likely open (not stated)
texasbbsa,Tier 1,Black Business Student Association,Business & Entrepreneurship,McCombs School of Business,Likely open (not stated)
texas_bhpo,Tier 1,Black Health Professions Organization- MAPS Chapter,Pre-Health & Healthcare,College of Natural Sciences (by discipline),Likely open (not stated)
texasbsa,Tier 1,Black Student Alliance,Cultural & Identity,Campus-wide / No specific school,Likely open (not stated)
utxfat,Tier 1,Black Student Alliance's Freshman Action Team,Cultural & Identity,Campus-wide / No specific school,Likely open (not stated)
blacklistedbookworms,Tier 1,Blacklisted Bookworms,"Advocacy, Politics & Policy",Campus-wide / No specific school,Likely open (not stated)
atxbridgesinternational,Tier 1,Bridges International - Texas Chapter,Religious & Spiritual,Campus-wide / No specific school,Likely open (not stated)
bridgetexasut,Tier 1,BridgeTexas,"Advocacy, Politics & Policy",Campus-wide / No specific school,Likely open (not stated)
txbaxa,Tier 1,Business Analytics Association,Business & Entrepreneurship,McCombs School of Business,Likely open (not stated)
caduceusutx,Tier 1,Caduceus,Pre-Health & Healthcare,College of Natural Sciences,Likely open (not stated)
kesemutaustin,Tier 1,Camp Kesem at the University of Texas at Austin,Service & Volunteering,Campus-wide / No specific school,Likely open (not stated)
utcec,Tier 1,Campus Environmental Center,"Advocacy, Politics & Policy",Campus-wide / No specific school,Likely open (not stated)
utexascee,Tier 1,Campus Events + Entertainment,Campus Programming & Events,Campus-wide / No specific school,Open to all
catalystcsg,Tier 1,Catalyst Consulting & Strategy Group,Consulting,McCombs School of Business,Likely open (not stated)
utcelebration.ya,Tier 1,Celebration Young Adults at the University of Texas at Austin,Religious & Spiritual,Campus-wide / No specific school,Likely open (not stated)
cas.texas,Tier 1,Central Asian Society,Cultural & Identity,Campus-wide / No specific school,Likely open (not stated)
texasmun,Tier 1,Central Texas Model United Nations,"Advocacy, Politics & Policy",Campus-wide / No specific school,Likely open (not stated)
chikappaphi,Tier 1,Chi Kappa Phi Service Society,Service & Volunteering,Campus-wide / No specific school,Major / program focused (often open)
texascohap,Tier 1,Children's Oral Health Advocacy Project,Pre-Health & Healthcare,College of Natural Sciences,Likely open (not stated)
txchinacare,Tier 1,China Care,Service & Volunteering,Campus-wide / No specific school,Likely open (not stated)
texas.csa,Tier 1,Chinese Student Association,Cultural & Identity,Campus-wide / No specific school,Likely open (not stated)
texas_cbc,Tier 1,Christian Business Student Council,Business & Entrepreneurship,McCombs School of Business,Likely open (not stated)
csoc_tx,Tier 1,Christian Students on Campus,Religious & Spiritual,Campus-wide / No specific school,Likely open (not stated)
texascki,Tier 1,Circle K International,Service & Volunteering,Campus-wide / No specific school,Major / program focused (often open)
cleancycleinitiative,Tier 1,Clean Cycle Initiative,"Advocacy, Politics & Policy",Campus-wide / No specific school,Likely open (not stated)
college_austinstone,Tier 1,College at the Austin Stone,Religious & Spiritual,Campus-wide / No specific school,Likely open (not stated)
utedcouncil,Tier 1,College of Education Council,University Office / Program,College of Education,N/A (office or program)
texascr,Tier 1,College Republicans at Texas,"Advocacy, Politics & Policy",Campus-wide / No specific school,Likely open (not stated)
colorstackutaustin,Tier 1,ColorStack at UT Austin,"Tech, Computing & AI",College of Natural Sciences (by discipline),Likely open (not stated)
ut_collective,Tier 1,Community Engagement Collective,Service & Volunteering,Campus-wide / No specific school,Likely open (not stated)
cyctexas,Tier 1,Consult Your Community- Texas Chapter,Consulting,McCombs School of Business,Likely open (not stated)
utcookemhorns,Tier 1,Cook 'Em Horns,Hobbies & Special Interest,Campus-wide / No specific school,Open to all
texascriminallaw,Tier 1,Criminal Law Association,Law & Pre-Law,Campus-wide / No specific school,Likely open (not stated)
crisis_aidnetwork,Tier 1,Crisis Aid Network,Service & Volunteering,Campus-wide / No specific school,Likely open (not stated)
crossroads.atx,Tier 1,Crossroads,Religious & Spiritual,Campus-wide / No specific school,Likely open (not stated)
deafculturealliance,Tier 1,Deaf Culture Alliance at the University of Texas at Austin,Cultural & Identity,Campus-wide / No specific school,Likely open (not stated)
txdemsigma,Tier 1,Delta Epsilon Mu-Sigma Chapter,Pre-Health & Healthcare,College of Natural Sciences,Likely open (not stated)
texasdsp,Tier 1,Delta Sigma Pi,Business & Entrepreneurship,McCombs School of Business,Major / program focused (often open)
designatut,Tier 1,Design at UT,"Tech, Computing & AI",Campus-wide / No specific school,Likely open (not stated)
texasdsa,Tier 1,Dialogue Student Association,Religious & Spiritual,Campus-wide / No specific school,Likely open (not stated)
texas.aws,Tier 1,Disabilities Inclusion Agency,Cultural & Identity,Campus-wide / No specific school,Likely open (not stated)
dascutaustin,Tier 1,Disability Advocacy Student Coalition,"Advocacy, Politics & Policy",Campus-wide / No specific school,Likely open (not stated)
access_ut,Tier 1,Disability and Access,University Office / Program,Campus-wide / No specific school,N/A (office or program)
dcc_ut,Tier 1,Disability Cultural Center,University Office / Program,Campus-wide / No specific school,N/A (office or program)
daprtx,Tier 1,Diversity in Advertising & PR,Business & Entrepreneurship,Moody College of Communication,Open to all
dogswithoutbordersfoundation,Tier 1,Dogs Without Borders Foundation,Service & Volunteering,Campus-wide / No specific school,Likely open (not stated)
dreamcorps_ut,Tier 1,Dream Corps at the University of Texas at Austin,Service & Volunteering,Campus-wide / No specific school,Likely open (not stated)
enable_ut,Tier 1,e-NABLE at UT Austin,Engineering & Energy,Cockrell School of Engineering (by discipline),Likely open (not stated)
utexasecocar,Tier 1,EcoCAR at UT,Engineering & Energy,Cockrell School of Engineering,Likely open (not stated)
efa.utexas,Tier 1,Education for All,Service & Volunteering,Campus-wide / No specific school,Likely open (not stated)
eaatut,Tier 1,Effective Altruism at University of Texas at Austin,"Advocacy, Politics & Policy",Campus-wide / No specific school,Likely open (not stated)
egadsaustin,Tier 1,Electronic Game Developers Society,"Tech, Computing & AI",College of Natural Sciences (by discipline),Likely open (not stated)
emancipetoncampus,Tier 1,Emancipet on Campus,Service & Volunteering,Campus-wide / No specific school,Likely open (not stated)
eclairrobotics,Tier 1,Engineering and Computational Learning of Artificial Intelligence in Robotics,"Tech, Computing & AI",Cockrell School of Engineering,Open to all
eswut,Tier 1,Engineers for a Sustainable World,Engineering & Energy,Cockrell School of Engineering,Likely open (not stated)
ejcollectiveut,Tier 1,Environmental Justice Collective,"Advocacy, Politics & Policy",Campus-wide / No specific school,Likely open (not stated)
tx.ent,Tier 1,Epsilon Nu Tau- Phi Collegiate Chapter,Business & Entrepreneurship,McCombs School of Business,Likely open (not stated)
ut_eoe,Tier 1,Equal Opportunity in Engineering Program,University Office / Program,Campus-wide / No specific school,N/A (office or program)
etasigmaphi_tx,Tier 1,Eta Sigma Phi,Honor Society,College of Liberal Arts,Selective (application / GPA / invitation)
uteverychildproject,Tier 1,Every Child Project,Service & Volunteering,Campus-wide / No specific school,Open to all
enc_tx,Tier 1,Every Nation Campus,Religious & Spiritual,Campus-wide / No specific school,Selective (application / tryout)
fcalonghorn,Tier 1,Fellowship of Christian Athletes,Religious & Spiritual,Campus-wide / No specific school,Likely open (not stated)
longhornfinance,Tier 1,Financial Literacy Club @ UT Austin,Finance & Investing,McCombs School of Business,Likely open (not stated)
cofafac,Tier 1,Fine Arts Council,Student Government / Councils,College of Fine Arts,Likely open (not stated)
firstgenlonghorns,Tier 1,First-Gen Longhorns,Cultural & Identity,Campus-wide / No specific school,Likely open (not stated)
ut_fye,Tier 1,First-Year & Transfer-Year Experience,University Office / Program,Campus-wide / No specific school,N/A (office or program)
texas_fcc,Tier 1,Foundation Communities on Campus,Service & Volunteering,Campus-wide / No specific school,Likely open (not stated)
texasfimrc,Tier 1,Foundation for International Medical Relief of Children,Service & Volunteering,Campus-wide / No specific school,Likely open (not stated)
freetailhackers,Tier 1,Freetail Hackers,"Tech, Computing & AI",College of Natural Sciences,Open to all
txfreshmanlaunch,Tier 1,Freshman Launch,Business & Entrepreneurship,McCombs School of Business (by discipline),Likely open (not stated)
friendsofmsfutaustin,Tier 1,Friends of MSF at UT Austin,Service & Volunteering,Campus-wide / No specific school,Major / program focused (often open)
texasfda,Tier 1,Future Doctors of America,Pre-Health & Healthcare,College of Natural Sciences,Major / program focused (often open)
texasfynix,Tier 1,Fynix,Business & Entrepreneurship,McCombs School of Business,Likely open (not stated)
texas_gis,Tier 1,Gamma Iota Sigma @ UT Austin,Business & Entrepreneurship,McCombs School of Business,Likely open (not stated)
texasunyp,Tier 1,Generation United Nations at the University of Texas at Austin,"Advocacy, Politics & Policy",Campus-wide / No specific school,Likely open (not stated)
utgirlswhocode,Tier 1,Girls Who Code College Loops at UT Austin,"Tech, Computing & AI",College of Natural Sciences (by discipline),Likely open (not stated)
give.utaustin,Tier 1,GIVE at The University of Texas at Austin,Service & Volunteering,Campus-wide / No specific school,Likely open (not stated)
texas.gmb,Tier 1,Global Medical Brigades,Pre-Health & Healthcare,College of Natural Sciences (by discipline),Likely open (not stated)
gmmaustin,Tier 1,Global Medical Missions Alliance,Pre-Health & Healthcare,College of Natural Sciences,Likely open (not stated)
gmtlonghorn,Tier 1,Global Medical Training,Service & Volunteering,Campus-wide / No specific school,Likely open (not stated)
gscatut,Tier 1,GSC Student Leadership Committee,Cultural & Identity,Campus-wide / No specific school,Likely open (not stated)
utexas.habitat,Tier 1,Habitat for Humanity Campus Chapter,Service & Volunteering,Campus-wide / No specific school,Likely open (not stated)
hookemhacks,Tier 1,Hack AI,"Tech, Computing & AI",College of Natural Sciences,Selective (application / tryout)
haven_students,Tier 1,Haven Student Fellowship,Religious & Spiritual,Campus-wide / No specific school,Likely open (not stated)
ut.hsc,Tier 1,Health and Society Collective,"Health, Wellness & Awareness",Campus-wide / No specific school,Open to all
hcmptexas,Tier 1,Health Careers Mentorship Program,Pre-Health & Healthcare,College of Natural Sciences,Major / program focused (often open)
texashss,Tier 1,Health Science Honors Council,Student Government / Councils,College of Natural Sciences,Major / program focused (often open)
healthyhorns,Tier 1,Healthyhorns,University Office / Program,Campus-wide / No specific school,N/A (office or program)
heartclub_ut,Tier 1,Heart Club @ UT,"Health, Wellness & Awareness",Campus-wide / No specific school,Likely open (not stated)
heartfulness,Tier 1,Heartfulness Meditation Group,"Health, Wellness & Awareness",Campus-wide / No specific school,Open to all
h4haustin,Tier 1,Hearts for the Homeless Austin,Service & Volunteering,Campus-wide / No specific school,Likely open (not stated)
helping.hornz,Tier 1,Helping Hornz,Service & Volunteering,Campus-wide / No specific school,Major / program focused (often open)
hsweattcenter,Tier 1,Heman Sweatt Center for Collegiate Males,University Office / Program,Campus-wide / No specific school,N/A (office or program)
hillhousestudycenter,Tier 1,Hill House Students,Religious & Spiritual,Campus-wide / No specific school,Likely open (not stated)
longhornhsa,Tier 1,Hindu Students Association,Religious & Spiritual,Campus-wide / No specific school,Likely open (not stated)
hinduyuva.utaustin,Tier 1,Hindu YUVA,Religious & Spiritual,Campus-wide / No specific school,Likely open (not stated)
texashacs,Tier 1,Hispanic Association of Computer Scientists,"Tech, Computing & AI",College of Natural Sciences,Likely open (not stated)
texashbsa,Tier 1,Hispanic Business Student Association,Business & Entrepreneurship,McCombs School of Business,Likely open (not stated)
ut_hispanic_predents,Tier 1,Hispanic Pre-Dental Society,Pre-Health & Healthcare,College of Natural Sciences,Selective (application / tryout)
txhprsa,Tier 1,Hispanic Public Relations Student Association,Business & Entrepreneurship,McCombs School of Business,Likely open (not stated)
hksatx,Tier 1,Hong Kong Students Association,Cultural & Identity,Campus-wide / No specific school,Likely open (not stated)
texashba,Tier 1,Honors Business Association,Business & Entrepreneurship,McCombs School of Business,Major / program focused (often open)
texashca,Tier 1,Honors Consulting Association,Consulting,McCombs School of Business,Selective (application / tryout)
hookedmediastrategy,Tier 1,Hooked Media Strategy,Business & Entrepreneurship,McCombs School of Business,Likely open (not stated)
texashornsforlife,Tier 1,Horns for Life,Service & Volunteering,Campus-wide / No specific school,Likely open (not stated)
hornssportsdebate,Tier 1,Horns Sports Debate,Hobbies & Special Interest,Campus-wide / No specific school,Likely open (not stated)
txhosa,Tier 1,HOSA- Future Health Professionals,Pre-Health & Healthcare,College of Natural Sciences,Likely open (not stated)
ieee.ut.pes,Tier 1,IEEE Power and Energy Society,Engineering & Energy,Cockrell School of Engineering,Likely open (not stated)
ut_ieee_ras,Tier 1,IEEE Robotics and Automation Society,"Tech, Computing & AI",Cockrell School of Engineering,Open to all
ignitetexas,Tier 1,Ignite Texas,Religious & Spiritual,Campus-wide / No specific school,Likely open (not stated)
inbetweenthelines.ut,Tier 1,In Between the Lines,Hobbies & Special Interest,Campus-wide / No specific school,Likely open (not stated)
ut_ica,Tier 1,Indian Cultural Association,Cultural & Identity,Campus-wide / No specific school,Likely open (not stated)
texasisa,Tier 1,Indian Students Association,Cultural & Identity,Campus-wide / No specific school,Likely open (not stated)
permiasaustin,Tier 1,Indonesian Student Association (PERMIAS),Cultural & Identity,Campus-wide / No specific school,Likely open (not stated)
texasiusc,Tier 1,Informatics Undergraduate Student Council,Student Government / Councils,School of Information,Likely open (not stated)
tx.isss,Tier 1,Information and Systems Security Society (ISSS),"Tech, Computing & AI",College of Education,Likely open (not stated)
ieee.ut,Tier 1,Institute of Electrical & Electronics Engineers,Engineering & Energy,Cockrell School of Engineering,Likely open (not stated)
ilassa40,Tier 1,Institute of Latin American Studies Stu. Assn.,Cultural & Identity,Campus-wide / No specific school,Major / program focused (often open)
texasifc,Tier 1,Interfraternity Council,Student Government / Councils,Campus-wide / No specific school,Likely open (not stated)
utexasias,Tier 1,International Affairs Society,"Advocacy, Politics & Policy",Campus-wide / No specific school,Likely open (not stated)
texasibsa,Tier 1,International Business Student Association,Business & Entrepreneurship,McCombs School of Business,Likely open (not stated)
utirgcouncil,Tier 1,International Relations and Global Studies Council,Student Government / Councils,College of Liberal Arts,Major / program focused (often open)
ismp_austin,Tier 1,International Student Mentorship Program at UT,Service & Volunteering,Campus-wide / No specific school,Major / program focused (often open)
iusm_austin,Tier 1,International Undergraduate Student Ministry-Austin,Religious & Spiritual,Campus-wide / No specific school,Likely open (not stated)
txpersians,Tier 1,Iranian Students Academic and Cultural Organization,Cultural & Identity,Campus-wide / No specific school,Likely open (not stated)
tximsa,Tier 1,Ismaili Muslim Students Association,Religious & Spiritual,Campus-wide / No specific school,Likely open (not stated)
texasja,Tier 1,Japanese Association,Cultural & Identity,Campus-wide / No specific school,Likely open (not stated)
texaskky,Tier 1,Kappa Kappa Psi,Honor Society,College of Fine Arts,Selective (application / GPA / invitation)
kapparhoaustin,Tier 1,Kappa Rho Pre-Medical Honors Sorority,Pre-Health & Healthcare,College of Natural Sciences,Likely open (not stated)
texasktp,Tier 1,Kappa Theta Pi at the University of Texas at Austin,"Tech, Computing & AI",College of Natural Sciences (by discipline),Selective (application / tryout)
kswelinstitute,Tier 1,Kendra Scott Women's Entrepreneurial Leadership Institute Student Board,Business & Entrepreneurship,McCombs School of Business,Likely open (not stated)
texaskinclub,Tier 1,Kinesiology Club,Pre-Health & Healthcare,College of Education,Major / program focused (often open)
koinonia_texas,Tier 1,Koinonia Christian Fellowship,Religious & Spiritual,Campus-wide / No specific school,Likely open (not stated)
texaskasa,Tier 1,Korean American Student Association at Austin,Cultural & Identity,Campus-wide / No specific school,Open to all
ksea.texas,Tier 1,KSEA Chapter at the University of Texas,Engineering & Energy,Cockrell School of Engineering,Selective (application / tryout)
ivlafelonghorns,Tier 1,La Fe (Latino Fellowship),Religious & Spiritual,Campus-wide / No specific school,Likely open (not stated)
labyrinthatx,Tier 1,Labyrinth Progressive Student Ministry,Religious & Spiritual,Campus-wide / No specific school,Open to all
txlsislo,Tier 1,Lang Stuttering Institute Student Leadership Organization,"Health, Wellness & Awareness",Campus-wide / No specific school,Major / program focused (often open)
txlaalsa,Tier 1,Latin American Aspiring Law Student Association,Law & Pre-Law,College of Liberal Arts (by discipline),Likely open (not stated)
leba.utexas,Tier 1,Latin Economics and Business Association,Business & Entrepreneurship,McCombs School of Business,Likely open (not stated)
texaslhpo,Tier 1,Latinx Health Professions Organization,Pre-Health & Healthcare,School of Nursing,Likely open (not stated)
ut_lawtinanetwork,Tier 1,Lawtina Network,Law & Pre-Law,College of Liberal Arts,Likely open (not stated)
lcoaustin,Tier 1,Lebanese Cultural Organization,Cultural & Identity,Campus-wide / No specific school,Likely open (not stated)
texas_lcmd,Tier 1,Let's Crush Medical Debt at UT Austin,Service & Volunteering,Campus-wide / No specific school,Likely open (not stated)
lahstudentcouncil,Tier 1,Liberal Arts Honors Student Council,Student Government / Councils,College of Liberal Arts,Likely open (not stated)
lifelonglearningwithfriends,Tier 1,Lifelong Learning with Friends at the University of Texas at Austin,Service & Volunteering,Campus-wide / No specific school,Likely open (not stated)
atxcampuslions,Tier 1,Lions Club at the University of Texas at Austin,Service & Volunteering,Campus-wide / No specific school,Likely open (not stated)
texaslittlehealthheroes,Tier 1,Little Health Heroes,"Health, Wellness & Awareness",Campus-wide / No specific school,Likely open (not stated)
longhornassetmgmt,Tier 1,Longhorn Asset Management,Finance & Investing,McCombs School of Business,Selective (application / tryout)
longhornatsa,Tier 1,Longhorn Athletic Training Student Association,Pre-Health & Healthcare,College of Education,Likely open (not stated)
longhornbaja,Tier 1,Longhorn Baja Racing,Engineering & Energy,Cockrell School of Engineering,Likely open (not stated)
longhornbakers,Tier 1,Longhorn Bakers,Hobbies & Special Interest,Campus-wide / No specific school,Likely open (not stated)
texaslcc,Tier 1,Longhorn Car Club,Hobbies & Special Interest,Campus-wide / No specific school,Likely open (not stated)
longhorncatholic,Tier 1,Longhorn Catholic Council,Religious & Spiritual,Campus-wide / No specific school,Likely open (not stated)
longhornxa,Tier 1,Longhorn Chi Alpha Christian Fellowship,Religious & Spiritual,Campus-wide / No specific school,Open to all
longhorncomicbooks,Tier 1,Longhorn Comic Books,Hobbies & Special Interest,Campus-wide / No specific school,Likely open (not stated)
longhorndevelopers,Tier 1,Longhorn Developers,"Tech, Computing & AI",College of Natural Sciences (by discipline),Likely open (not stated)
longhorndigitalmarketing,Tier 1,Longhorn Digital Marketing,Business & Entrepreneurship,McCombs School of Business,Likely open (not stated)
longhornems,Tier 1,Longhorn EMS,Pre-Health & Healthcare,College of Natural Sciences (by discipline),Likely open (not stated)
lec.ut,Tier 1,Longhorn Energy Club,Engineering & Energy,Cockrell School of Engineering (by discipline),Likely open (not stated)
longhornescapesociety,Tier 1,Longhorn Escape Society,Hobbies & Special Interest,Campus-wide / No specific school,Likely open (not stated)
longhornfurries,Tier 1,Longhorn Furries,Hobbies & Special Interest,Campus-wide / No specific school,Likely open (not stated)
longhorngaming,Tier 1,Longhorn Gaming,Hobbies & Special Interest,Campus-wide / No specific school,Likely open (not stated)
longhorn_geoguessr_club,Tier 1,Longhorn GeoGuessr,Hobbies & Special Interest,Campus-wide / No specific school,Likely open (not stated)
texas.lhr,Tier 1,Longhorn Harm Reduction Coalition,"Health, Wellness & Awareness",Campus-wide / No specific school,Likely open (not stated)
longhornijm,Tier 1,Longhorn International Justice Mission,Religious & Spiritual,Campus-wide / No specific school,Likely open (not stated)
longhorninvestmentteam,Tier 1,Longhorn Investment Team,Finance & Investing,McCombs School of Business,Open to all
longhorn_lol,Tier 1,Longhorn League of Legends,Hobbies & Special Interest,Campus-wide / No specific school,Open to all
utlonghornlegal,Tier 1,Longhorn Legal Coalition,Law & Pre-Law,College of Liberal Arts,Likely open (not stated)
texasaustinlmsa,Tier 1,Longhorn Malayali Student Association,Cultural & Identity,Campus-wide / No specific school,Likely open (not stated)
longhornmindfulmiles,Tier 1,Longhorn Mindful Miles,"Health, Wellness & Awareness",Campus-wide / No specific school,Likely open (not stated)
ut_lmbc,Tier 1,Longhorn Music Business Club,Business & Entrepreneurship,McCombs School of Business,Likely open (not stated)
lhneurotech,Tier 1,Longhorn Neurotech,"Tech, Computing & AI",Cockrell School of Engineering,Likely open (not stated)
utorientation,Tier 1,Longhorn Orientation,University Office / Program,Campus-wide / No specific school,N/A (office or program)
longhorn_poker,Tier 1,Longhorn Poker,Hobbies & Special Interest,Campus-wide / No specific school,Selective (application / tryout)
texaslppa,Tier 1,Longhorn Pre-Pharmacy Association,Pre-Health & Healthcare,College of Pharmacy,Likely open (not stated)
longhornpuzzleclub,Tier 1,Longhorn Puzzle Club,Hobbies & Special Interest,Campus-wide / No specific school,Likely open (not stated)
ut.longhornracing,Tier 1,Longhorn Racing,Engineering & Energy,Cockrell School of Engineering,Likely open (not stated)
longhorn_riichi,Tier 1,Longhorn Riichi,Hobbies & Special Interest,Campus-wide / No specific school,Likely open (not stated)
longhorn_sim_racing,Tier 1,Longhorn Sim Racing,Hobbies & Special Interest,Campus-wide / No specific school,Selective (application / tryout)
longhornforisrael,Tier 1,Longhorn Students For Israel,"Advocacy, Politics & Policy",Campus-wide / No specific school,Likely open (not stated)
longhornurbanists,Tier 1,Longhorn Urbanists,"Advocacy, Politics & Policy",Campus-wide / No specific school,Likely open (not stated)
longhorn_voices,Tier 1,Longhorn Voices Book Club,Hobbies & Special Interest,Campus-wide / No specific school,Open to all
longhornsforchrist,Tier 1,Longhorns For Christ,Religious & Spiritual,Campus-wide / No specific school,Likely open (not stated)
mlds_ut,Tier 1,Machine Learning and Data Science,"Tech, Computing & AI",College of Natural Sciences,Open to all
texasmisa,Tier 1,Management Information Systems Association,Business & Entrepreneurship,McCombs School of Business,Likely open (not stated)
texasmedlife,Tier 1,MEDLIFE at The University of Texas at Austin,Service & Volunteering,Campus-wide / No specific school,Likely open (not stated)
mendingmedicalmindsut,Tier 1,Mending Medical Minds,"Health, Wellness & Awareness",Campus-wide / No specific school,Likely open (not stated)
utsgmentalhealth,Tier 1,Mental Health Alliance,"Health, Wellness & Awareness",Campus-wide / No specific school,Likely open (not stated)
texasmeowmates,Tier 1,Meow Mates,Service & Volunteering,Campus-wide / No specific school,Likely open (not stated)
utmindfulmedicine,Tier 1,Mindful Medicine,Pre-Health & Healthcare,College of Natural Sciences (by discipline),Open to all
miraclemessagesaustin,Tier 1,Miracle Messages Austin,Service & Volunteering,Campus-wide / No specific school,Likely open (not stated)
mls_ut,Tier 1,Muslim Legal Society,Law & Pre-Law,School of Law,Likely open (not stated)
longhorn.mmho,Tier 1,Muslim Mental Health Organization,Religious & Spiritual,Campus-wide / No specific school,Likely open (not stated)
texasmsa,Tier 1,Muslim Students' Association,Religious & Spiritual,Campus-wide / No specific school,Likely open (not stated)
namioncampusatx,Tier 1,National Alliance on Mental Illness (NAMI) On Campus at University of Texas at Austin,"Health, Wellness & Awareness",Campus-wide / No specific school,Likely open (not stated)
nabe.ut,Tier 1,National Association for Business Economics at UT Austin,Business & Entrepreneurship,McCombs School of Business,Open to all
ncnwutaustin,Tier 1,"National Council of Negro Women, UT Austin Section",Cultural & Identity,Campus-wide / No specific school,Likely open (not stated)
tx_nphc,Tier 1,National Pan-Hellenic Council,Student Government / Councils,Campus-wide / No specific school,Likely open (not stated)
texasnrfsa,Tier 1,National Retail Federation Student Association at UT Austin,Business & Entrepreneurship,McCombs School of Business,Major / program focused (often open)
texasnsbe,Tier 1,National Society of Black Engineers,Engineering & Energy,Cockrell School of Engineering,Likely open (not stated)
texasnsslha,Tier 1,"National Student Speech, Language and Hearing Association",Pre-Health & Healthcare,Moody College of Communication,Likely open (not stated)
naipaut,Tier 1,Native American and Indigenous Peoples Association,Cultural & Identity,Campus-wide / No specific school,Major / program focused (often open)
utnsc,Tier 1,Natural Sciences Council,Student Government / Councils,College of Natural Sciences,Likely open (not stated)
texasnsa,Tier 1,Nepali Student Association- Longhorn Chapter,Cultural & Identity,Campus-wide / No specific school,Likely open (not stated)
newwavelonghorns,Tier 1,New Wave Longhorns,Cultural & Identity,Campus-wide / No specific school,Likely open (not stated)
utnsp,Tier 1,Normandy Scholars Program,University Office / Program,Campus-wide / No specific school,N/A (office or program)
texas.nova,Tier 1,NOVA Consulting,Consulting,McCombs School of Business,Likely open (not stated)
nice_utaustin,Tier 1,Nuclear Is Clean Energy,Engineering & Energy,Cockrell School of Engineering,Likely open (not stated)
nuecesmosque,Tier 1,Nueces Mosque - Student Chapter,Religious & Spiritual,Campus-wide / No specific school,Likely open (not stated)
ncf_austin,Tier 1,Nurses Christian Fellowship - UT Austin,Religious & Spiritual,School of Nursing,Selective (application / tryout)
utoccupy,Tier 1,Occupy Campus Ministry at the University of Texas at Austin,Religious & Spiritual,Campus-wide / No specific school,Likely open (not stated)
texasoxe,Tier 1,Omega Chi Epsilon - Chemical Engineering,Honor Society,Cockrell School of Engineering,Selective (application / GPA / invitation)
onewaysaiv,Tier 1,OneWay South Asian InterVarsity,Religious & Spiritual,Campus-wide / No specific school,Likely open (not stated)
occm.texas,Tier 1,Orthodox Christian Campus Ministries at UT Austin,Religious & Spiritual,Campus-wide / No specific school,Likely open (not stated)
texasocf,Tier 1,Orthodox Christian Fellowship of the University of Texas at Austin,Religious & Spiritual,Campus-wide / No specific school,Major / program focused (often open)
pihengageatutaustin,Tier 1,Partners in Health Engage at UT Austin,"Health, Wellness & Awareness",Campus-wide / No specific school,Likely open (not stated)
texas.ppa,Tier 1,Pediatric Pharmacy Association,Pre-Health & Healthcare,College of Pharmacy,Likely open (not stated)
txpals,Tier 1,Peer Assistance and Leadership Students,Service & Volunteering,Campus-wide / No specific school,Major / program focused (often open)
pharmtox_social_and_outreach,Tier 1,Pharmacology and Toxicology Social and Outreach Committee,Pre-Health & Healthcare,College of Pharmacy,Likely open (not stated)
ut_phialphatheta,Tier 1,"Phi Alpha Theta, Beta Alpha Chapter - History",Honor Society,College of Liberal Arts,Selective (application / GPA / invitation)
texaspct,Tier 1,Phi Chi Theta,Business & Entrepreneurship,McCombs School of Business,Likely open (not stated)
pinkfirst.utaustin,Tier 1,Pink First at the University of Texas at Austin,"Health, Wellness & Awareness",Campus-wide / No specific school,Likely open (not stated)
pivotpointcentral,Tier 1,Pivot Point Central,"Health, Wellness & Awareness",Campus-wide / No specific school,Likely open (not stated)
plan2premed,Tier 1,Plan II Pre Med Society,Pre-Health & Healthcare,College of Liberal Arts,Likely open (not stated)
platypusatx1917,Tier 1,Platypus Austin,"Advocacy, Politics & Policy",Campus-wide / No specific school,Likely open (not stated)
polishclubatut,Tier 1,Polish Club at UT,Cultural & Identity,Campus-wide / No specific school,Open to all
utpolymaths,Tier 1,Polymathic Scholars Student Leadership Panel,Student Government / Councils,College of Natural Sciences,Major / program focused (often open)
dellmedphds,Tier 1,Pre-health & Distinguished Scholars,Pre-Health & Healthcare,Dell Medical School,Major / program focused (often open)
nblsa_ut,Tier 1,Pre-Law Division of The National Black Law Students Association/ Longhorn Chapter,Law & Pre-Law,College of Liberal Arts,Likely open (not stated)
texas.pops,Tier 1,Pre-Optometry Professional Society,Pre-Health & Healthcare,College of Natural Sciences,Likely open (not stated)
texasprepa,Tier 1,Pre-Physician Assistant Society,Pre-Health & Healthcare,College of Natural Sciences,Likely open (not stated)
texaspva,Tier 1,Pre-Veterinary Association,Pre-Health & Healthcare,College of Natural Sciences,Likely open (not stated)
sol_utexas,Tier 1,Project MALES Student Organization,Cultural & Identity,Campus-wide / No specific school,Likely open (not stated)
txprojectsunshine,Tier 1,Project Sunshine at the University of Texas at Austin,"Health, Wellness & Awareness",Campus-wide / No specific school,Likely open (not stated)
projectyellowtexas,Tier 1,Project Yellow at the University of Texas at Austin,"Health, Wellness & Awareness",Campus-wide / No specific school,Likely open (not stated)
texasqpp,Tier 1,Q++ (Queer Students in Computer Science),"Tech, Computing & AI",College of Natural Sciences,Likely open (not stated)
texasqbsa,Tier 1,Queer Business Student Association,Business & Entrepreneurship,McCombs School of Business,Likely open (not stated)
qtbipoca_ut,Tier 1,Queer Trans Black Indigenous People of Color Agency (QTBIPOCA),Cultural & Identity,Campus-wide / No specific school,Likely open (not stated)
the_reason_for_christ,Tier 1,Ratio Christi at the University of Texas at Austin,Religious & Spiritual,Campus-wide / No specific school,Likely open (not stated)
resoundacappella,Tier 1,Re:Sound A Cappella,Religious & Spiritual,Campus-wide / No specific school,Likely open (not stated)
readingaces,Tier 1,Reading Aces,Service & Volunteering,Campus-wide / No specific school,Likely open (not stated)
texasrisementorship,Tier 1,Readying Impactful Student Entrepreneurs,Business & Entrepreneurship,McCombs School of Business,Likely open (not stated)
texasrecsports,Tier 1,Recreational Sports,University Office / Program,Campus-wide / No specific school,N/A (office or program)
texasruf,Tier 1,Reformed University Fellowship,Religious & Spiritual,Campus-wide / No specific school,Likely open (not stated)
revivetexasmin,Tier 1,Revive Texas Ministries,Religious & Spiritual,Campus-wide / No specific school,Likely open (not stated)
texas_rhochi,Tier 1,Rho Chi Pharmaceutical Honor Society,Honor Society,College of Pharmacy,Selective (application / GPA / invitation)
rooted.immigrant.collective,Tier 1,Rooted Collective,"Advocacy, Politics & Policy",Campus-wide / No specific school,Likely open (not stated)
utsangercenter,Tier 1,Sanger Learning Center,University Office / Program,Campus-wide / No specific school,N/A (office or program)
sum.atx,Tier 1,Schoenstatt University Men at UT,Religious & Spiritual,Campus-wide / No specific school,Selective (Greek recruitment)
sof.utexas,Tier 1,Scholars of Finance,Finance & Investing,McCombs School of Business,Major / program focused (often open)
score.athletics,Tier 1,SCORE Athletics,Service & Volunteering,Campus-wide / No specific school,Likely open (not stated)
utsenate,Tier 1,Senate of College Councils,Student Government / Councils,Campus-wide / No specific school,Likely open (not stated)
sevacharities,Tier 1,Seva Charities,Service & Volunteering,Campus-wide / No specific school,Likely open (not stated)
texas_ssa,Tier 1,Sikh Students Association,Religious & Spiritual,Campus-wide / No specific school,Likely open (not stated)
silkclubatx,Tier 1,Silk Club,Cultural & Identity,Campus-wide / No specific school,Likely open (not stated)
skyatutaustin,Tier 1,SKY Meditation and Wellness,"Health, Wellness & Awareness",Campus-wide / No specific school,Likely open (not stated)
texassocialanimeclub,Tier 1,Social Anime Club,Hobbies & Special Interest,Campus-wide / No specific school,Likely open (not stated)
sellfellowship,Tier 1,Social Entrepreneurship Learning Lab Fellowship,Business & Entrepreneurship,McCombs School of Business,Major / program focused (often open)
utexasswc,Tier 1,Social Work Council,Student Government / Councils,Steve Hicks School of Social Work,Likely open (not stated)
sacnasutaustin,Tier 1,Society for Advancement of Chicano/Hispanics and Native Americans in Science,Cultural & Identity,Campus-wide / No specific school,Likely open (not stated)
sasetexas,Tier 1,Society of Asian Scientists and Engineers,Engineering & Energy,Cockrell School of Engineering,Likely open (not stated)
utshpe,Tier 1,Society of Hispanic Professional Engineers,Engineering & Energy,Cockrell School of Engineering,Likely open (not stated)
swetexas,Tier 1,Society of Women Engineers,Engineering & Energy,Cockrell School of Engineering,Likely open (not stated)
socksforthesole,Tier 1,Socks for the Sole,Service & Volunteering,Campus-wide / No specific school,Likely open (not stated)
utaustinsfl,Tier 1,Sorority and Fraternity Life,University Office / Program,Campus-wide / No specific school,N/A (office or program)
utspeakeasy,Tier 1,Speak Easy,Hobbies & Special Interest,Campus-wide / No specific school,Major / program focused (often open)
specialolympics.texas,Tier 1,Special Olympics Club at The University of Texas,Service & Volunteering,Campus-wide / No specific school,Likely open (not stated)
sports_entertainmentls,Tier 1,Sports and Entertainment Law Society,Law & Pre-Law,School of Law,Likely open (not stated)
seaot_ut,Tier 1,Structural Engineering Association of Texas - Student Chapter,Engineering & Energy,Cockrell School of Engineering,Likely open (not stated)
utaustinsaa,Tier 1,Student Academy of Audiology chapter at The University of Texas at Austin,Pre-Health & Healthcare,Moody College of Communication,Likely open (not stated)
spwla.utaustin,Tier 1,Student Chapter of the Society of Petrophysicists and Well Log Analysts at The University of Texas at Austin,Engineering & Energy,Cockrell School of Engineering,Likely open (not stated)
utsccp,Tier 1,Student College of Clinical Pharmacy – Austin Chapter,Pre-Health & Healthcare,College of Pharmacy,Likely open (not stated)
texas_scan,Tier 1,Student Community of Asian Nurses,Pre-Health & Healthcare,School of Nursing,Likely open (not stated)
sectexas,Tier 1,Student Engineering Council,Student Government / Councils,Cockrell School of Engineering,Likely open (not stated)
texasseek,Tier 1,Student Engineers Educating Kids,Service & Volunteering,Cockrell School of Engineering,Likely open (not stated)
utdeanofstudents,Tier 1,Student Governance Organizations,University Office / Program,Campus-wide / No specific school,N/A (office or program)
ut_sg,Tier 1,Student Government,Student Government / Councils,Campus-wide / No specific school,Likely open (not stated)
studentmrc,Tier 1,Student Medical Reserve Corps at UT,"Health, Wellness & Awareness",Campus-wide / No specific school,Likely open (not stated)
utdos,Tier 1,Student Organizations,University Office / Program,Campus-wide / No specific school,N/A (office or program)
texassva,Tier 1,Student Veterans Association,Cultural & Identity,Campus-wide / No specific school,Likely open (not stated)
sac.austin,Tier 1,Students Against Cancer,"Health, Wellness & Awareness",Campus-wide / No specific school,Likely open (not stated)
sda.utexas,Tier 1,Students Demand Action,"Advocacy, Politics & Policy",Campus-wide / No specific school,Likely open (not stated)
seal_ut,Tier 1,Students Expanding Austin Literacy,Service & Volunteering,Campus-wide / No specific school,Likely open (not stated)
sfccut,Tier 1,Students Fighting Climate Change,"Advocacy, Politics & Policy",Campus-wide / No specific school,Likely open (not stated)
sfppatx,Tier 1,Students for Planned Parenthood,"Advocacy, Politics & Policy",Campus-wide / No specific school,Likely open (not stated)
smlsut,Tier 1,Students in Medical Laboratory Science,Pre-Health & Healthcare,College of Natural Sciences,Major / program focused (often open)
utsmile,Tier 1,Students Making Impacts Through Love & Empathy,Service & Volunteering,Campus-wide / No specific school,Likely open (not stated)
texas.soca,Tier 1,Students of Caribbean Ancestry,Cultural & Identity,Campus-wide / No specific school,Open to all
ssitexas,Tier 1,Students Supporting Israel at University of Texas at Austin,"Advocacy, Politics & Policy",Campus-wide / No specific school,Likely open (not stated)
scmso_ut,Tier 1,Supply Chain Management Student Organization,Business & Entrepreneurship,McCombs School of Business,Likely open (not stated)
survivor.texas,Tier 1,Survivor Texas,Hobbies & Special Interest,Campus-wide / No specific school,Likely open (not stated)
sbi_ut,Tier 1,Sustainable Building Initiative,Engineering & Energy,Cockrell School of Engineering,Open to all
switchenergyclub_ut,Tier 1,Switch Energy Club Longhorn Chapter,Engineering & Energy,Cockrell School of Engineering,Likely open (not stated)
texastasa,Tier 1,Taiwanese American Students Association,Cultural & Identity,Campus-wide / No specific school,Likely open (not stated)
tisa_utaustin,Tier 1,Taiwanese International Student Association,Cultural & Identity,Campus-wide / No specific school,Likely open (not stated)
tsa_ut.austin,Tier 1,Taiwanese Student Association,Cultural & Identity,Campus-wide / No specific school,Likely open (not stated)
texas.alpha,Tier 1,Tau Beta Pi - Engineering,Honor Society,Cockrell School of Engineering,Selective (application / GPA / invitation)
texastausigma,Tier 1,Tau Sigma at The University of Texas at Austin,Honor Society,Campus-wide / No specific school,Selective (application / GPA / invitation)
ut.true,Tier 1,Teaching Refugees to Understand English at UT Austin,Service & Volunteering,Campus-wide / No specific school,Likely open (not stated)
texas.tcg,Tier 1,Tech Consulting Group at The University of Texas at Austin,Consulting,McCombs School of Business,Likely open (not stated)
tedxutaustin,Tier 1,TEDxUTAustin,Campus Programming & Events,Campus-wide / No specific school,Open to all
texas180dc,Tier 1,Texas 180 Degrees Consulting,Consulting,McCombs School of Business,Likely open (not stated)
texas4000,Tier 1,Texas 4000 for Cancer,Service & Volunteering,Campus-wide / No specific school,Likely open (not stated)
texasadgroup,Tier 1,Texas Advertising Group,Business & Entrepreneurship,Moody College of Communication,Likely open (not stated)
texas.aotw,Tier 1,Texas Album of the Week,Hobbies & Special Interest,Campus-wide / No specific school,Likely open (not stated)
texasafa,Tier 1,Texas Arts for Aid,Service & Volunteering,Campus-wide / No specific school,Likely open (not stated)
texas_tapc,Tier 1,Texas Asian Pan-Hellenic Council,Student Government / Councils,Campus-wide / No specific school,Major / program focused (often open)
texasbelles,Tier 1,Texas Belles Event Planning Organization,Business & Entrepreneurship,Moody College of Communication,Major / program focused (often open)
txblockchain,Tier 1,Texas Blockchain,Finance & Investing,McCombs School of Business (by discipline),Likely open (not stated)
texas.bei,Tier 1,Texas Brain Exercise Initiative,"Health, Wellness & Awareness",Campus-wide / No specific school,Likely open (not stated)
tx_bha,Tier 1,Texas Business Healthcare Association,Business & Entrepreneurship,McCombs School of Business,Open to all
tbla_ut,Tier 1,Texas Business Law Association,Law & Pre-Law,Campus-wide / No specific school,Major / program focused (often open)
txbosso,Tier 1,Texas Business of Sports Student Organization (BOSSO),Business & Entrepreneurship,McCombs School of Business,Likely open (not stated)
texascanterbury,Tier 1,Texas Canterbury at The University of Texas at Austin,Religious & Spiritual,Campus-wide / No specific school,Selective (application / tryout)
texascapitalcollective,Tier 1,Texas Capital Collective,Finance & Investing,McCombs School of Business,Likely open (not stated)
texasconsulting_,Tier 1,Texas Consulting,Consulting,McCombs School of Business,Likely open (not stated)
txconvergent,Tier 1,Texas Convergent,"Tech, Computing & AI",Campus-wide / No specific school,Major / program focused (often open)
texascounterstrike,Tier 1,Texas Counter-Strike,Hobbies & Special Interest,Campus-wide / No specific school,Likely open (not stated)
texas_cru,Tier 1,Texas Cru,Religious & Spiritual,Campus-wide / No specific school,Likely open (not stated)
texas_dawah,Tier 1,Texas Dawah Team,Religious & Spiritual,Campus-wide / No specific school,Selective (application / tryout)
utexasdbf,Tier 1,"Texas Design, Build, Fly",Engineering & Energy,Cockrell School of Engineering (by discipline),Open to all
disney_ut,Tier 1,Texas Disney Development Team,Hobbies & Special Interest,Campus-wide / No specific school,Faculty/staff only
texasdnd,Tier 1,Texas DnD,Hobbies & Special Interest,Campus-wide / No specific school,Open to all
texaseconomicsassociation,Tier 1,Texas Economics Association,Business & Entrepreneurship,College of Liberal Arts,Likely open (not stated)
ut_.tes,Tier 1,Texas Education Society,Service & Volunteering,Campus-wide / No specific school,Likely open (not stated)
ut_embrace,Tier 1,Texas embrACE,Cultural & Identity,Campus-wide / No specific school,Likely open (not stated)
txenergycapital,Tier 1,Texas Energy Capital,Finance & Investing,McCombs School of Business,Likely open (not stated)
texas_eco,Tier 1,Texas Energy Consulting,Consulting,McCombs School of Business,Likely open (not stated)
utexasenergy,Tier 1,Texas Energy Trading,Finance & Investing,McCombs School of Business,Likely open (not stated)
texasewh,Tier 1,Texas Engineering World Health,Engineering & Energy,Cockrell School of Engineering,Likely open (not stated)
txs_tea,Tier 1,Texas Entertainment Association,Business & Entrepreneurship,McCombs School of Business (by discipline),Likely open (not stated)
texasequitygroup,Tier 1,Texas Equity Group,Finance & Investing,McCombs School of Business,Selective (application / tryout)
texasfederalistsociety,Tier 1,Texas Federalist Society,Law & Pre-Law,School of Law,Likely open (not stated)
texasfgi,Tier 1,Texas FGI,Finance & Investing,McCombs School of Business,Likely open (not stated)
texasfinanceteam,Tier 1,Texas Finance Team,Finance & Investing,McCombs School of Business,Likely open (not stated)
texas_financial_futures,Tier 1,Texas Financial Futures,Finance & Investing,McCombs School of Business,Likely open (not stated)
texasfriendlyfridays,Tier 1,Texas Friendly Fridays,Service & Volunteering,School of Nursing,Likely open (not stated)
texasgermanclub,Tier 1,Texas German Club,Cultural & Identity,Campus-wide / No specific school,Likely open (not stated)
utexaslglobal,Tier 1,Texas Global,University Office / Program,Campus-wide / No specific school,N/A (office or program)
texasgf_,Tier 1,Texas Gospel Fellowship,Religious & Spiritual,Campus-wide / No specific school,Likely open (not stated)
texasguadaloop,Tier 1,Texas Guadaloop,Engineering & Energy,Cockrell School of Engineering,Likely open (not stated)
texasheal,Tier 1,Texas Health Education Advocacy and Law,Law & Pre-Law,Campus-wide / No specific school,Likely open (not stated)
texashealthyhabits,Tier 1,Texas Healthy Habits,Service & Volunteering,Campus-wide / No specific school,Likely open (not stated)
texashelpinghand,Tier 1,Texas Helping Hand,Service & Volunteering,Campus-wide / No specific school,Likely open (not stated)
texasherscript,Tier 1,Texas herScript,"Tech, Computing & AI",College of Natural Sciences (by discipline),Likely open (not stated)
texashillel,Tier 1,Texas Hillel,Religious & Spiritual,Campus-wide / No specific school,Likely open (not stated)
texasjugglingsociety,Tier 1,Texas Juggling Society,Hobbies & Special Interest,Campus-wide / No specific school,Likely open (not stated)
texasmaes,Tier 1,Texas Latinos in Engineering and Sciences,Engineering & Energy,Cockrell School of Engineering,Likely open (not stated)
texasluminescence,Tier 1,Texas Luminescence,"Tech, Computing & AI",Cockrell School of Engineering,Likely open (not stated)
texasmahjongclub,Tier 1,Texas Mahjong Club,Hobbies & Special Interest,Campus-wide / No specific school,Open to all
texasmarinerobotics,Tier 1,Texas Marine Robotics,"Tech, Computing & AI",Cockrell School of Engineering,Selective (application / tryout)
texasmarketrics,Tier 1,Texas Marketrics - Quantitative Finance,Finance & Investing,McCombs School of Business,Selective (application / tryout)
texas_mse,Tier 1,Texas Materials Scientists and Engineers,Engineering & Energy,Cockrell School of Engineering,Major / program focused (often open)
mhisatexas,Tier 1,Texas Mental Health Initiative for South Asians,"Health, Wellness & Awareness",Campus-wide / No specific school,Likely open (not stated)
utxmsa,Tier 1,Texas Minority Sports Association,Business & Entrepreneurship,McCombs School of Business (by discipline),Likely open (not stated)
txmomentum,Tier 1,Texas Momentum,Business & Entrepreneurship,McCombs School of Business (by discipline),Likely open (not stated)
mpacctexas,Tier 1,Texas MPA Consulting Club,Consulting,McCombs School of Business,Likely open (not stated)
texas_nurhopsi,Tier 1,Texas Nu Rho Psi,Honor Society,College of Natural Sciences,Selective (application / GPA / invitation)
utexas_nutrition,Tier 1,Texas Nutrition at the University of Texas at Austin,"Health, Wellness & Awareness",Campus-wide / No specific school,Likely open (not stated)
texasperfectpair,Tier 1,Texas Perfect Pair,Service & Volunteering,Campus-wide / No specific school,Likely open (not stated)
texaspad,Tier 1,Texas Phi Alpha Delta,Law & Pre-Law,College of Liberal Arts,Likely open (not stated)
phidetx,Tier 1,Texas Phi Delta Epsilon,Pre-Health & Healthcare,College of Natural Sciences,Likely open (not stated)
texaspoliticalconsulting,Tier 1,Texas Political Consulting,Consulting,Campus-wide / No specific school,Likely open (not stated)
texasprecaa,Tier 1,Texas Pre-CAA Association,Pre-Health & Healthcare,College of Natural Sciences,Likely open (not stated)
texaspredental,Tier 1,Texas Pre-Dental Society,Pre-Health & Healthcare,College of Natural Sciences,Selective (application / tryout)
txprelaw,Tier 1,Texas Pre-Law Honor Society,Honor Society,College of Liberal Arts,Selective (application / GPA / invitation)
texaspreot,Tier 1,Texas Pre-Occupational Therapy Community,Pre-Health & Healthcare,College of Natural Sciences (by discipline),Selective (application / tryout)
texaspreptsociety,Tier 1,Texas Pre-Physical Therapy Society,Pre-Health & Healthcare,College of Natural Sciences (by discipline),Likely open (not stated)
txproductcatalyst,Tier 1,Texas Product Catalyst,"Tech, Computing & AI",Campus-wide / No specific school,Likely open (not stated)
txproduct,Tier 1,Texas Product Engineering Organization,"Tech, Computing & AI",Cockrell School of Engineering,Likely open (not stated)
texaspublichealth,Tier 1,Texas Public Health,"Health, Wellness & Awareness",Campus-wide / No specific school,Open to all
texas_rev,Tier 1,Texas Retail & E-Commerce Ventures,Business & Entrepreneurship,McCombs School of Business,Major / program focused (often open)
texrisingut,Tier 1,Texas Rising at the University of Texas at Austin,"Advocacy, Politics & Policy",Campus-wide / No specific school,Likely open (not stated)
txrotaract,Tier 1,Texas Rotaract,Service & Volunteering,Campus-wide / No specific school,Likely open (not stated)
tspe.austin,Tier 1,Texas Society of Professional Engineers at the University of Texas at Austin,Engineering & Energy,Cockrell School of Engineering,Open to all
texasspacesociety,Tier 1,Texas Space Society,Engineering & Energy,Cockrell School of Engineering,Likely open (not stated)
texasstockteam,Tier 1,Texas Stock Team,Finance & Investing,McCombs School of Business,Likely open (not stated)
txsl.m,Tier 1,Texas Supports Live Music,Hobbies & Special Interest,Campus-wide / No specific school,Likely open (not stated)
utexas.swifties,Tier 1,Texas Swifties,Hobbies & Special Interest,Campus-wide / No specific school,Likely open (not stated)
texas_tabletop,Tier 1,Texas Table Top,Hobbies & Special Interest,Campus-wide / No specific school,Likely open (not stated)
txtped,Tier 1,Texas Theme Park Engineering and Design,Engineering & Energy,Cockrell School of Engineering,Likely open (not stated)
texastradinggroup,Tier 1,Texas Trading Group,Finance & Investing,McCombs School of Business,Likely open (not stated)
texasucg,Tier 1,Texas Undergraduate Consulting Group,Consulting,McCombs School of Business,Likely open (not stated)
texas_ula,Tier 1,Texas Undergraduate Law and Policy Association,Law & Pre-Law,College of Liberal Arts,Selective (application / tryout)
tuso_utexas,Tier 1,Texas Undergraduate Sales Organization,Business & Entrepreneurship,McCombs School of Business,Major / program focused (often open)
texasunicef,Tier 1,Texas UNICEF,Service & Volunteering,Campus-wide / No specific school,Likely open (not stated)
texasvoe,Tier 1,Texas Voices of Equity,"Health, Wellness & Awareness",Campus-wide / No specific school,Likely open (not stated)
texaswesley,Tier 1,Texas Wesley UMCM,Religious & Spiritual,Campus-wide / No specific school,Likely open (not stated)
_txwe_,Tier 1,Texas Women in Economics,Business & Entrepreneurship,College of Liberal Arts,Major / program focused (often open)
texaswoofsforwilliam,Tier 1,Texas Woofs for William,"Health, Wellness & Awareness",Campus-wide / No specific school,Likely open (not stated)
taa.utexas,Tier 1,Thai Association of Austin,Cultural & Identity,Campus-wide / No specific school,Likely open (not stated)
ahs_utaustin,Tier 1,The Alexander Hamilton Society at UT Austin,"Advocacy, Politics & Policy",Campus-wide / No specific school,Likely open (not stated)
texas_ado,Tier 1,The Alzheimer's and Dementia Organization at The University of Texas at Austin,"Health, Wellness & Awareness",Campus-wide / No specific school,Likely open (not stated)
texasabpsi,Tier 1,The Association of Black Psychologists,"Health, Wellness & Awareness",Campus-wide / No specific school,Likely open (not stated)
utexasrecovery,Tier 1,The Center for Students in Recovery,University Office / Program,Campus-wide / No specific school,N/A (office or program)
sumcampusworship,Tier 1,The Fruits,Religious & Spiritual,Campus-wide / No specific school,Likely open (not stated)
ispetexas,Tier 1,The International Society for Pharmaceutical Engineering,Pre-Health & Healthcare,Cockrell School of Engineering,Likely open (not stated)
texasloveclub,Tier 1,The L.O.V.E. Club,Cultural & Identity,Campus-wide / No specific school,Likely open (not stated)
texas_lphc,Tier 1,The Latino Pan-Hellenic Council,Student Government / Councils,Campus-wide / No specific school,Likely open (not stated)
longhorndesignlab,Tier 1,The Longhorn Design Lab,"Tech, Computing & AI",Campus-wide / No specific school,Likely open (not stated)
longhornrocketry,Tier 1,The Longhorn Rocketry Association,Engineering & Energy,Cockrell School of Engineering,Likely open (not stated)
texasnaba,Tier 1,The National Association of Black Accountants at The University of Texas at Austin,Business & Entrepreneurship,McCombs School of Business,Likely open (not stated)
nationalsecuritycollective,Tier 1,The National Security Collective,"Advocacy, Politics & Policy",Campus-wide / No specific school,Likely open (not stated)
theoralcareproject,Tier 1,The Oral Care Project,"Health, Wellness & Awareness",Campus-wide / No specific school,Likely open (not stated)
ridgecollege,Tier 1,The Ridge | College Ministry at the University of Texas at Austin,Religious & Spiritual,Campus-wide / No specific school,Likely open (not stated)
studentsolidaritynetwork,Tier 1,The Student Solidarity Network,Service & Volunteering,Campus-wide / No specific school,Likely open (not stated)
texas.sea,Tier 1,The Students of East Africa,Cultural & Identity,Campus-wide / No specific school,Likely open (not stated)
texasthetatau,Tier 1,Theta Tau - Professional Engineering Fraternity,Engineering & Energy,Cockrell School of Engineering,Likely open (not stated)
utaustintix,Tier 1,Title IX Office,University Office / Program,Campus-wide / No specific school,N/A (office or program)
utaustintokc,Tier 1,TOKC at UT,"Health, Wellness & Awareness",Campus-wide / No specific school,Likely open (not stated)
tpusaut,Tier 1,Turning Point USA at The University of Texas at Austin,"Advocacy, Politics & Policy",Campus-wide / No specific school,Likely open (not stated)
txvotes_cea,Tier 1,TX Votes,"Advocacy, Politics & Policy",Campus-wide / No specific school,Likely open (not stated)
typetexascdn,Tier 1,Type Texas: The CDN Chapter at UT Austin,"Health, Wellness & Awareness",Campus-wide / No specific school,Likely open (not stated)
tcca.austin,Tier 1,Tzu Chi Collegiate Association Austin Chapter,Service & Volunteering,Campus-wide / No specific school,Open to all
texasubc,Tier 1,Undergraduate Business Council,Student Government / Councils,McCombs School of Business,Likely open (not stated)
texasucf,Tier 1,Undergraduate Computational Finance Team,Finance & Investing,McCombs School of Business,Likely open (not stated)
texasuka,Tier 1,Undergraduate Korean Association,Cultural & Identity,Campus-wide / No specific school,Likely open (not stated)
texasmocktrial,Tier 1,Undergraduate Mock Trial Association,Law & Pre-Law,College of Liberal Arts (by discipline),Likely open (not stated)
umraustin,Tier 1,United Mission for Relief & Development Texas Chapter,Service & Volunteering,Campus-wide / No specific school,Likely open (not stated)
universitydemocrats,Tier 1,University Democrats,"Advocacy, Politics & Policy",Campus-wide / No specific school,Likely open (not stated)
texasufa,Tier 1,University Finance Association,Finance & Investing,McCombs School of Business,Likely open (not stated)
universityhousinganddining,Tier 1,University Housing and Dining,University Office / Program,Campus-wide / No specific school,N/A (office or program)
texas_umbra,Tier 1,University Management & Business Research Association,Consulting,McCombs School of Business,Likely open (not stated)
texaspanhellenic,Tier 1,University Panhellenic Council,Student Government / Councils,Campus-wide / No specific school,Major / program focused (often open)
ut_urha,Tier 1,University Residence Hall Association,Student Government / Councils,Campus-wide / No specific school,N/A (office or program)
texasusit,Tier 1,University Securities Investment Team,Finance & Investing,McCombs School of Business,Selective (application / tryout)
utunions,Tier 1,University Unions,Campus Programming & Events,Campus-wide / No specific school,N/A (office or program)
spotlights_utt,Tier 1,UTeach Theatre Spotlights,Hobbies & Special Interest,College of Fine Arts; College of Education,Major / program focused (often open)
uxpa.ut,Tier 1,UXPA Student Chapter,"Tech, Computing & AI",College of Natural Sciences (by discipline),Likely open (not stated)
vamostennis_tx,Tier 1,Vamos Tennis,Service & Volunteering,Campus-wide / No specific school,Likely open (not stated)
venezuelansatutaustin,Tier 1,Venezuelans at UT Austin,Cultural & Identity,Campus-wide / No specific school,Likely open (not stated)
verdatronics,Tier 1,Verdatronics,"Tech, Computing & AI",College of Natural Sciences (by discipline),Likely open (not stated)
vfs_ut,Tier 1,Vertical Flight Society at UT,Engineering & Energy,Cockrell School of Engineering (by discipline),Likely open (not stated)
vppaatut,Tier 1,Veterinary Pharmacy Practice Association,Pre-Health & Healthcare,College of Pharmacy,Likely open (not stated)
txvibecoding,Tier 1,Vibe Coding Club,"Tech, Computing & AI",Campus-wide / No specific school,Open to all
vcl.utexas,Tier 1,Vietnamese Culture & Language,Cultural & Identity,Campus-wide / No specific school,Likely open (not stated)
texasvsa,Tier 1,Vietnamese Students Association,Cultural & Identity,Campus-wide / No specific school,Likely open (not stated)
wmso.tx,Tier 1,Wealth Management Student Organization,Finance & Investing,McCombs School of Business,Likely open (not stated)
wiald_ut,Tier 1,Women in Aerospace for Leadership and Development,Engineering & Energy,Cockrell School of Engineering,Likely open (not stated)
texaswba,Tier 1,Women in Business Association,Business & Entrepreneurship,McCombs School of Business,Selective (application / tryout)
wcae.utexas,Tier 1,"Women in Civil, Architectural, and Environmental Engineering",Engineering & Energy,Cockrell School of Engineering,Likely open (not stated)
txwids,Tier 1,Women in Data and Statistics,"Tech, Computing & AI",College of Natural Sciences (by discipline),Likely open (not stated)
texaswme,Tier 1,Women in Mechanical Engineering,Engineering & Energy,Cockrell School of Engineering,Major / program focused (often open)
wim_ut,Tier 1,Women in Medicine,Pre-Health & Healthcare,College of Natural Sciences (by discipline),Likely open (not stated)
wpge_ut,Tier 1,Women in Petroleum and Geosystems Engineering,Engineering & Energy,Cockrell School of Engineering,Likely open (not stated)
texasw1se,Tier 1,Women in Sports & Entertainment,Business & Entrepreneurship,McCombs School of Business (by discipline),Likely open (not stated)
wlc_ut,Tier 1,Women Leaders in Communication,Business & Entrepreneurship,McCombs School of Business (by discipline),Likely open (not stated)
texaswoe,Tier 1,Women of Excellence,Cultural & Identity,Campus-wide / No specific school,Likely open (not stated)
wccatut,Tier 1,Women's Community Center,University Office / Program,Campus-wide / No specific school,N/A (office or program)
texasyja,Tier 1,Youth Justice Alliance,Law & Pre-Law,College of Liberal Arts (by discipline),Likely open (not stated)
absolutepitch_acappella,Tier 2,Absolute Pitch,Performing Arts & Music,Campus-wide / No specific school,Likely open (not stated)
absolutetexxas,Tier 2,Absolute Texxas,Spirit & Honorary Groups,Campus-wide / No specific school,Selective (application / GPA / invitation)
acacia_texas,Tier 2,Acacia Fraternity at the University of Texas at Austin,Greek Life (Social),Campus-wide / No specific school,Selective (Greek recruitment)
adavu_club,Tier 2,Adavu Club,Performing Arts & Music,Campus-wide / No specific school,Likely open (not stated)
adgradcouncil,Tier 2,Advertising Graduate Council,Student Government / Councils,Moody College of Communication,Restricted to program / degree
afterglowatx,Tier 2,Afterglow ATX,"Visual Arts, Media & Writing",Campus-wide / No specific school,Likely open (not stated)
texasaxo,Tier 2,Alpha Chi Omega,Greek Life (Social),Campus-wide / No specific school,Selective (Greek recruitment)
texasadpi,Tier 2,Alpha Delta Pi,Greek Life (Social),Campus-wide / No specific school,Selective (Greek recruitment)
texasphi,Tier 2,Alpha Epsilon Phi,Greek Life (Social),Campus-wide / No specific school,Selective (Greek recruitment)
texasaepi,Tier 2,Alpha Epsilon Pi Fraternity,Greek Life (Social),Campus-wide / No specific school,Selective (Greek recruitment)
texas_akas,Tier 2,"Alpha Kappa Alpha Sorority, Incorporated - Delta Xi Chapter",Greek Life (Social),Campus-wide / No specific school,Selective (Greek recruitment)
texasakdphi,Tier 2,"alpha Kappa Delta Phi Sorority, Inc.",Greek Life (Social),Campus-wide / No specific school,Selective (Greek recruitment)
eialphas,Tier 2,"Alpha Phi Alpha Fraternity, Inc.",Greek Life (Social),Campus-wide / No specific school,Selective (Greek recruitment)
texasasr,Tier 2,Alpha Sigma Rho Sorority,Greek Life (Social),Campus-wide / No specific school,Selective (Greek recruitment)
texasato,Tier 2,Alpha Tau Omega Fraternity,Greek Life (Social),Campus-wide / No specific school,Selective (Greek recruitment)
texasalphaxi,Tier 2,Alpha Xi Delta,Greek Life (Social),Campus-wide / No specific school,Selective (Greek recruitment)
always.texas,Tier 2,Always Texas,Spirit & Honorary Groups,Campus-wide / No specific school,Selective (application / GPA / invitation)
americanadagessociety,Tier 2,American Adages Society,Academic & Scholarly,Campus-wide / No specific school,Likely open (not stated)
texasacs,Tier 2,American Chemical Society - Student Affiliates,Academic & Scholarly,College of Natural Sciences,Likely open (not stated)
ala_saa_ut,Tier 2,American Library Association & Society of American Archivists UT Student Chapter,Academic & Scholarly,School of Information,Likely open (not stated)
atx.aphaasp,Tier 2,American Pharmacists Association - Academy of Student Pharmacists Austin Chapter,Pre-Health & Healthcare,College of Pharmacy,Restricted to program / degree
asbmb_ut_austin,Tier 2,American Society for Biochemistry and Molecular Biology Student Chapter at the University of Texas at Austin,Academic & Scholarly,College of Natural Sciences,Likely open (not stated)
texasasm,Tier 2,American Society for Microbiology at The University of Texas at Austin,Academic & Scholarly,College of Natural Sciences,Likely open (not stated)
texastats,Tier 2,American Statistical Association at the University of Texas at Austin,Academic & Scholarly,College of Natural Sciences,Likely open (not stated)
texasampersand,Tier 2,Ampersand,"Visual Arts, Media & Writing",School of Architecture,Likely open (not stated)
texas_atmos,Tier 2,AMS at UT Austin,Academic & Scholarly,Jackson School of Geosciences,Likely open (not stated)
animatorsclubtx,Tier 2,Animators Club,"Visual Arts, Media & Writing",Campus-wide / No specific school,Open to all
the.apricity,Tier 2,Apricity Magazine,"Visual Arts, Media & Writing",Campus-wide / No specific school,Likely open (not stated)
squadron_payne,Tier 2,Arnold Air Society John H. Payne Squadron,Military & ROTC,Campus-wide / No specific school,Selective (application / tryout)
aaja_ut,Tier 2,Asian American Journalists Association at UT,"Visual Arts, Media & Writing",Campus-wide / No specific school,Open to all
texas.apalsa,Tier 2,Asian Pacific American Law Student Association,Law & Pre-Law,School of Law,Restricted to program / degree
apsaaustin,Tier 2,Asian Pharmacy Students Association,Pre-Health & Healthcare,College of Pharmacy,Restricted to program / degree
texasawm,Tier 2,Association for Women in Mathematics - Texas Chapter,Academic & Scholarly,College of Natural Sciences,Open to all
utexasastronomy,Tier 2,Astronomy Students Association,Academic & Scholarly,College of Natural Sciences,Selective (application / tryout)
atxkdc,Tier 2,ATX KDC,Performing Arts & Music,Campus-wide / No specific school,Likely open (not stated)
austin.bodybuilding,Tier 2,Austin Bodybuilding,Sports & Recreation,Campus-wide / No specific school,Likely open (not stated)
siamutaustin,Tier 2,Austin Chapter of SIAM,Academic & Scholarly,College of Natural Sciences,Major / program focused (often open)
beautiesandthebeat,Tier 2,Beauties and the Beat,Performing Arts & Music,Campus-wide / No specific school,Likely open (not stated)
bipocresearchatx,Tier 2,Because Inquiry Propels Our Curiosity,Academic & Scholarly,Campus-wide / No specific school,Likely open (not stated)
betatexas,Tier 2,Beta Theta Pi,Greek Life (Social),Campus-wide / No specific school,Selective (Greek recruitment)
bfpfilm,Tier 2,Beyond Frames Productions,"Visual Arts, Media & Writing",Campus-wide / No specific school,Likely open (not stated)
bgsa_utexas,Tier 2,Black Graduate Student Association,Cultural & Identity,Campus-wide / No specific school,Restricted to program / degree
tx_bsma,Tier 2,Black Student Media Association,"Visual Arts, Media & Writing",Campus-wide / No specific school,Likely open (not stated)
texaslaw_boa,Tier 2,Board of Advocates - Law School,Law & Pre-Law,School of Law,Restricted to program / degree
utbrpeople,Tier 2,"Brackenridge, Roberts, & Prather Residence Hall Council",Residence Hall Council,Campus-wide / No specific school,Residents of a specific hall
heelhookem,Tier 2,Brazilian Jiu Jitsu at the University of Texas,Sports & Recreation,Campus-wide / No specific school,Open to all
brightstarsoftexas,Tier 2,Bright Stars of Texas,Spirit & Honorary Groups,Campus-wide / No specific school,Selective (application / GPA / invitation)
broccoli_proj,Tier 2,Broccoli Project,Performing Arts & Music,Campus-wide / No specific school,Open to all
utaustin_chaarg,Tier 2,"Changing Health, Attitudes and Actions to Recreate Girls",Sports & Recreation,Campus-wide / No specific school,Likely open (not stated)
chemeng_glc,Tier 2,Chemical Engineering Graduate Leadership Council,Student Government / Councils,Cockrell School of Engineering,Restricted to program / degree
txchiomega,Tier 2,Chi Omega Sorority,Greek Life (Social),Campus-wide / No specific school,Selective (Greek recruitment)
chiphitexas,Tier 2,Chi Phi Fraternity,Greek Life (Social),Campus-wide / No specific school,Selective (Greek recruitment)
ut.chllsa,Tier 2,Chicano/Hispanic/Latino Law Students' Association,Law & Pre-Law,School of Law,Restricted to program / degree
cls.texaslaw,Tier 2,Christian Legal Society,Law & Pre-Law,School of Law,Restricted to program / degree
cpfi_utaustin,Tier 2,Christian Pharmacists Fellowship International - Student Chapter,Pre-Health & Healthcare,College of Pharmacy,Restricted to program / degree
raasrodeo,Tier 2,ClockTower Cultural Productions,Performing Arts & Music,Campus-wide / No specific school,Likely open (not stated)
utexasclubgolf,Tier 2,Club Golf,Sports & Recreation,Campus-wide / No specific school,Likely open (not stated)
texasclubtennis,Tier 2,Club Tennis,Sports & Recreation,Campus-wide / No specific school,Likely open (not stated)
collabartistsut,Tier 2,Collaborative Artists,"Visual Arts, Media & Writing",Campus-wide / No specific school,Major / program focused (often open)
collective.atx,Tier 2,Collective Studios,"Visual Arts, Media & Writing",Campus-wide / No specific school,Likely open (not stated)
crafterscircleclub,Tier 2,Crafter's Circle,"Visual Arts, Media & Writing",Campus-wide / No specific school,Open to all
creativewritersatut,Tier 2,Creative Writers at UT,"Visual Arts, Media & Writing",Campus-wide / No specific school,Open to all
creekside_whiteboard,Tier 2,Creekside Residence Hall Council,Residence Hall Council,Campus-wide / No specific school,Residents of a specific hall
texasc4c,Tier 2,Crochet 4 a Cause,"Visual Arts, Media & Writing",Campus-wide / No specific school,Likely open (not stated)
danceaction.ut,Tier 2,Dance Action,Performing Arts & Music,Campus-wide / No specific school,Open to all
deansscholars,Tier 2,Dean's Scholars Student Association,Academic & Scholarly,College of Natural Sciences,Major / program focused (often open)
texastridelta,Tier 2,Delta Delta Delta,Greek Life (Social),Campus-wide / No specific school,Selective (Greek recruitment)
texasdeltagamma,Tier 2,Delta Gamma,Greek Life (Social),Campus-wide / No specific school,Selective (Greek recruitment)
dpo.epsilon,Tier 2,"Delta Phi Omega Sorority, Incorporated",Greek Life (Social),Campus-wide / No specific school,Selective (Greek recruitment)
txdeltasig,Tier 2,Delta Sigma Phi Fraternity,Greek Life (Social),Campus-wide / No specific school,Selective (Greek recruitment)
texasdeltas,Tier 2,Delta Sigma Theta Sorority Inc. - Epsilon Beta Chapter,Greek Life (Social),Campus-wide / No specific school,Selective (Greek recruitment)
deltathetamuut,Tier 2,Delta Theta Mu,Greek Life (Social),Campus-wide / No specific school,Selective (Greek recruitment)
texasdu,Tier 2,Delta Upsilon,Greek Life (Social),Campus-wide / No specific school,Selective (Greek recruitment)
dfa_texas,Tier 2,Design for America at the University of Texas at Austin,"Visual Arts, Media & Writing",Campus-wide / No specific school,Major / program focused (often open)
texasdih,Tier 2,Design in Health,"Visual Arts, Media & Writing",College of Fine Arts,Restricted to program / degree
texasdka,Tier 2,DKA Professional Cinematic Society,"Visual Arts, Media & Writing",Campus-wide / No specific school,Likely open (not stated)
driftmagatx,Tier 2,Drift Magazine ATX,"Visual Arts, Media & Writing",Campus-wide / No specific school,Likely open (not stated)
durenrhc,Tier 2,Duren Residence Hall Council,Residence Hall Council,Campus-wide / No specific school,Residents of a specific hall
echo.texas,Tier 2,Engineering Chamber Orchestra,Performing Arts & Music,Cockrell School of Engineering,Likely open (not stated)
equalmbas,Tier 2,eQual MBAs,Business & Entrepreneurship,McCombs School of Business,Restricted to program / degree
lbj_fpa,Tier 2,Feminist Policy Alliance Austin,"Advocacy, Politics & Policy",LBJ School of Public Affairs,Restricted to program / degree
fgls_texaslaw,Tier 2,First Generation Law Students,Law & Pre-Law,School of Law,Restricted to program / degree
footinthedoortheatre,Tier 2,Foot in the Door Theatre,Performing Arts & Music,Campus-wide / No specific school,Selective (application / tryout)
_forevertexas,Tier 2,Forever Texas,Spirit & Honorary Groups,Campus-wide / No specific school,Selective (application / GPA / invitation)
thefriarsociety,Tier 2,Friar Society,Spirit & Honorary Groups,Campus-wide / No specific school,Selective (application / GPA / invitation)
frontncenterut,Tier 2,Front 'N Center,Performing Arts & Music,Campus-wide / No specific school,Likely open (not stated)
fuseacappella,Tier 2,Fuse A Cappella,Performing Arts & Music,Campus-wide / No specific school,Likely open (not stated)
texasgammabeta,Tier 2,"Gamma Beta Fraternity, Inc.",Greek Life (Social),Campus-wide / No specific school,Selective (Greek recruitment)
grltexas,Tier 2,Gamma Rho Lambda,Greek Life (Social),Campus-wide / No specific school,Selective (Greek recruitment)
gmip_ut,Tier 2,Gender Matters in Physics,Academic & Scholarly,College of Natural Sciences,Likely open (not stated)
gritsconference,Tier 2,Getting Radical In The South,Law & Pre-Law,School of Law,Restricted to program / degree
gigglepantsimprov,Tier 2,Gigglepants Improv Comedy Troupe,Performing Arts & Music,Campus-wide / No specific school,Likely open (not stated)
girlsclubtexas,Tier 2,Girls Club of Texas at Austin,Sports & Recreation,Campus-wide / No specific school,Likely open (not stated)
texasgmt,Tier 2,Global Macro Team,Academic & Scholarly,Campus-wide / No specific school,Likely open (not stated)
texasgradiv,Tier 2,Grad InterVarsity Christian Fellowship,Religious & Spiritual,Campus-wide / No specific school,Restricted to program / degree
lbj_gpac,Tier 2,Graduate Public Affairs Council,Student Government / Councils,LBJ School of Public Affairs,Restricted to program / degree
utgsa,Tier 2,Graduate Student Assembly,Student Government / Councils,Campus-wide / No specific school,Restricted to program / degree
gum_ut_austin,Tier 2,Graduates for Underrepresented Minorities,Cultural & Identity,Campus-wide / No specific school,Restricted to program / degree
healingwithharmonies,Tier 2,Healing with Harmonies,Performing Arts & Music,Campus-wide / No specific school,Likely open (not stated)
hercampustexas,Tier 2,Her Campus at Texas,"Visual Arts, Media & Writing",Campus-wide / No specific school,Likely open (not stated)
texas.hapnhpa,Tier 2,Hispanic Association of Pharmacists,Pre-Health & Healthcare,College of Pharmacy,Restricted to program / degree
hookemarts,Tier 2,Hook 'Em Arts,Performing Arts & Music,Campus-wide / No specific school,Likely open (not stated)
hookdmag,Tier 2,Hook'd Magazine,"Visual Arts, Media & Writing",Campus-wide / No specific school,Likely open (not stated)
hookem_bhangra,Tier 2,Hooked Bhangra,Performing Arts & Music,Campus-wide / No specific school,Likely open (not stated)
hooked.on.running,Tier 2,Hooked on Running,Sports & Recreation,Campus-wide / No specific school,Open to all
hornslens,Tier 2,Horns Lens - Photography Org,"Visual Arts, Media & Writing",Campus-wide / No specific school,Likely open (not stated)
humacappella,Tier 2,Hum A Cappella,Performing Arts & Music,Campus-wide / No specific school,Selective (application / tryout)
iwhtexaslaw,Tier 2,If/When/How at the University of Texas at Austin,Law & Pre-Law,School of Law,Restricted to program / degree
utimpulse,Tier 2,Impulse Performance Team,Performing Arts & Music,Campus-wide / No specific school,Open to all
utexasindigo,Tier 2,Indigo Collective@UT,"Visual Arts, Media & Writing",Campus-wide / No specific school,Likely open (not stated)
igsmatx,Tier 2,International Graduate Student Ministry - at Austin,Religious & Spiritual,Campus-wide / No specific school,Restricted to program / degree
jesterunited,Tier 2,Jester East Residence Hall Council,Residence Hall Council,Campus-wide / No specific school,Residents of a specific hall
kbeat_ut,Tier 2,K-Beat,Performing Arts & Music,Campus-wide / No specific school,Open to all
texas.ka,Tier 2,Kappa Alpha Order,Greek Life (Social),Campus-wide / No specific school,Selective (Greek recruitment)
texastheta,Tier 2,Kappa Alpha Theta,Greek Life (Social),Campus-wide / No specific school,Selective (Greek recruitment)
txkappadelta,Tier 2,Kappa Delta,Greek Life (Social),Campus-wide / No specific school,Selective (Greek recruitment)
texaskdchi,Tier 2,"Kappa Delta Chi Sorority, Incorporated",Greek Life (Social),Campus-wide / No specific school,Selective (Greek recruitment)
ke.utcop,Tier 2,Kappa Epsilon - Pharmacy,Pre-Health & Healthcare,College of Pharmacy,Restricted to program / degree
texaskkg,Tier 2,Kappa Kappa Gamma,Greek Life (Social),Campus-wide / No specific school,Selective (Greek recruitment)
texaskphig.founding,Tier 2,"Kappa Phi Gamma Sorority, Inc.",Greek Life (Social),Campus-wide / No specific school,Selective (Greek recruitment)
utexaskpl,Tier 2,"Kappa Phi Lambda Sorority, Inc.",Greek Life (Social),Campus-wide / No specific school,Selective (Greek recruitment)
texaskappasig,Tier 2,Kappa Sigma Fraternity,Greek Life (Social),Campus-wide / No specific school,Selective (Greek recruitment)
utaustinkendo,Tier 2,Kendo Association at The University of Texas at Austin,Sports & Recreation,Campus-wide / No specific school,Likely open (not stated)
kinsrhc,Tier 2,Kinsolving Residence Hall Council,Residence Hall Council,Campus-wide / No specific school,Residents of a specific hall
kontrolcrewtx,Tier 2,Kontrol Crew Texas,Performing Arts & Music,Campus-wide / No specific school,Likely open (not stated)
texaslxa,Tier 2,Lambda Chi Alpha Fraternity,Greek Life (Social),Campus-wide / No specific school,Selective (Greek recruitment)
texaslambdas,Tier 2,"Lambda Phi Epsilon Fraternity, Inc.",Greek Life (Social),Campus-wide / No specific school,Selective (Greek recruitment)
lta_gammachi,Tier 2,Lambda Theta Alpha Latin Sorority Incorporated,Greek Life (Social),Campus-wide / No specific school,Selective (Greek recruitment)
texassigdelt,Tier 2,Lapis Ladies,Greek Life (Social),Campus-wide / No specific school,Selective (Greek recruitment)
last_writers_at_ut,Tier 2,Last Writers at the University of Texas at Austin,"Visual Arts, Media & Writing",Campus-wide / No specific school,Likely open (not stated)
latinxut,Tier 2,Latinx Theatre Initiative at UT Austin,Performing Arts & Music,Campus-wide / No specific school,Open to all
tl_dna,Tier 2,Law Student Disability and Neurodivergent Alliance,Law & Pre-Law,School of Law,Restricted to program / degree
lsforblacklives,Tier 2,Law Students for Black Lives,Law & Pre-Law,School of Law,Restricted to program / degree
lhblacks,Tier 2,LHBlacks,Performing Arts & Music,College of Fine Arts,Likely open (not stated)
texasclubbaseball,Tier 2,Longhorn Baseball Club,Sports & Recreation,Campus-wide / No specific school,Likely open (not stated)
longhorndanceco,Tier 2,Longhorn Dance Club,Performing Arts & Music,Campus-wide / No specific school,Open to all
longhornhellraisers,Tier 2,Longhorn Hellraisers,Spirit & Honorary Groups,Campus-wide / No specific school,Selective (application / GPA / invitation)
longhorn_magic_club,Tier 2,Longhorn Magic,Performing Arts & Music,Campus-wide / No specific school,Likely open (not stated)
longhornmyco,Tier 2,Longhorn Mycological Society,Academic & Scholarly,College of Natural Sciences,Likely open (not stated)
longhornpadel,Tier 2,Longhorn Padel,Sports & Recreation,Campus-wide / No specific school,Open to all
longhornpowerlifting,Tier 2,Longhorn Powerlifting,Sports & Recreation,Campus-wide / No specific school,Selective (application / tryout)
longhorn.scrap.society,Tier 2,Longhorn Scrap Society,"Visual Arts, Media & Writing",Campus-wide / No specific school,Likely open (not stated)
longhornsingers,Tier 2,Longhorn Singers,Performing Arts & Music,Campus-wide / No specific school,Likely open (not stated)
longhornsquash,Tier 2,Longhorn Squash Club,Sports & Recreation,Campus-wide / No specific school,Open to all
longhornswimclub,Tier 2,Longhorn Swim Club,Sports & Recreation,Campus-wide / No specific school,Likely open (not stated)
longhornwrestlingclub,Tier 2,Longhorn Wrestling,Sports & Recreation,Campus-wide / No specific school,Likely open (not stated)
txmarinescience,Tier 2,Marine Science Club,Academic & Scholarly,College of Natural Sciences,Open to all
mastt_ut,Tier 2,Math and Science Teachers of Tomorrow,Academic & Scholarly,College of Natural Sciences,Likely open (not stated)
mathclubut,Tier 2,Math Club,Academic & Scholarly,College of Natural Sciences,Open to all
longhornswc,Tier 2,Michael T. Woodward Special Warfare Club,Military & ROTC,Campus-wide / No specific school,Selective (application / tryout)
menalsa.tx,Tier 2,Middle Eastern and North African Law Students Association at the University of Texas at Austin,Law & Pre-Law,School of Law,Restricted to program / degree
mwplaw,Tier 2,Minority Women Pursuing Law,Law & Pre-Law,School of Law,Restricted to program / degree
mac.utaustin,Tier 2,Music Appreciation Club at UT,Performing Arts & Music,Campus-wide / No specific school,Likely open (not stated)
texasmusicunited,Tier 2,Music United,Performing Arts & Music,Campus-wide / No specific school,Likely open (not stated)
utnoteworthyacappella,Tier 2,Noteworthy A Cappella,Performing Arts & Music,Campus-wide / No specific school,Likely open (not stated)
nsdispos,Tier 2,Nritya Sangam Indian Dance Troupe,Performing Arts & Music,Campus-wide / No specific school,Likely open (not stated)
texasodphi,Tier 2,"Omega Delta Phi Fraternity, Inc.",Greek Life (Social),Campus-wide / No specific school,Selective (Greek recruitment)
texasomegas,Tier 2,Omega Phi Gamma Fraternity,Greek Life (Social),Campus-wide / No specific school,Selective (Greek recruitment)
utomegas,Tier 2,Omega Psi Phi Fraternity Incorporated,Greek Life (Social),Campus-wide / No specific school,Selective (Greek recruitment)
outlawut,Tier 2,OUTLaw - LGBTQ Law Student Association,Law & Pre-Law,School of Law,Restricted to program / degree
utpharmcouncil,Tier 2,Pharmacy Council,Student Government / Councils,College of Pharmacy,Restricted to program / degree
mpsigmas,Tier 2,Phi Beta Sigma Fraternity Incorporated - Mu Rho Chapter,Greek Life (Social),Campus-wide / No specific school,Selective (Greek recruitment)
pdclambda,Tier 2,Phi Delta Chi,Pre-Health & Healthcare,College of Pharmacy,Restricted to program / degree
phipsitexas,Tier 2,Phi Kappa Psi Fraternity,Greek Life (Social),Campus-wide / No specific school,Selective (Greek recruitment)
texasphikap,Tier 2,Phi Kappa Sigma,Greek Life (Social),Campus-wide / No specific school,Selective (Greek recruitment)
plspsichapter,Tier 2,Phi Lambda Sigma - Pharmacy,Pre-Health & Healthcare,College of Pharmacy,Restricted to program / degree
texaspibetaphi,Tier 2,Pi Beta Phi,Greek Life (Social),Campus-wide / No specific school,Selective (Greek recruitment)
utpike,Tier 2,Pi Kappa Alpha Fraternity,Greek Life (Social),Campus-wide / No specific school,Selective (Greek recruitment)
texaspikapps,Tier 2,Pi Kappa Phi,Greek Life (Social),Campus-wide / No specific school,Selective (Greek recruitment)
texaschis,Tier 2,"Pi Lambda Chi Latina Sorority, Inc. - Eta Chapter",Greek Life (Social),Campus-wide / No specific school,Selective (Greek recruitment)
plan_2_film,Tier 2,Plan II Film Club,"Visual Arts, Media & Writing",College of Liberal Arts,Open to all
pila_texaslaw,Tier 2,Public Interest Law Association,Law & Pre-Law,School of Law,Restricted to program / degree
redefineddanceco,Tier 2,Redefined Dance Company,Performing Arts & Music,Campus-wide / No specific school,Likely open (not stated)
rdc.ut,Tier 2,Reggaeton Dance Club at UT,Performing Arts & Music,Campus-wide / No specific school,Likely open (not stated)
texas_rpc,Tier 2,Rifle and Pistol Club,Sports & Recreation,Campus-wide / No specific school,Open to all
roustaboutsdanceco,Tier 2,Roustabouts Dance Company,Performing Arts & Music,Campus-wide / No specific school,Likely open (not stated)
saaya_ut,Tier 2,Saaya Dance Company,Performing Arts & Music,Campus-wide / No specific school,Selective (application / tryout)
utsaspa,Tier 2,San Antonio Student Pharmacists Association,Pre-Health & Healthcare,College of Pharmacy,Restricted to program / degree
sanjac_rhc,Tier 2,San Jacinto Residence Hall Council,Residence Hall Council,Campus-wide / No specific school,Residents of a specific hall
sohe_ambassadors,Tier 2,School of Human Ecology Ambassadors,Academic & Scholarly,College of Natural Sciences,Likely open (not stated)
science.under.the.stars,Tier 2,Science Under the Stars,Academic & Scholarly,College of Natural Sciences,Restricted to program / degree
texas.sammy,Tier 2,Sigma Alpha Mu Fraternity,Greek Life (Social),Campus-wide / No specific school,Selective (Greek recruitment)
texas_sdl,Tier 2,"Sigma Delta Lambda Sorority, Inc.",Greek Life (Social),Campus-wide / No specific school,Selective (Greek recruitment)
texas_sgrhos,Tier 2,Sigma Gamma Rho Sorority Inc. Mu Upsilon,Greek Life (Social),Campus-wide / No specific school,Selective (Greek recruitment)
texassenoritas,Tier 2,"Sigma Lambda Alpha Sorority, Inc.",Greek Life (Social),Campus-wide / No specific school,Selective (Greek recruitment)
texasbetas,Tier 2,Sigma Lambda Beta-Eta Alpha Chapter,Greek Life (Social),Campus-wide / No specific school,Selective (Greek recruitment)
texas_gammas,Tier 2,Sigma Lambda Gamma National Sorority,Greek Life (Social),Campus-wide / No specific school,Selective (Greek recruitment)
texasphilamb,Tier 2,Sigma Phi Lambda,Greek Life (Social),Campus-wide / No specific school,Selective (Greek recruitment)
texassigmas,Tier 2,"Sigma Phi Omega Sorority, Inc.",Greek Life (Social),Campus-wide / No specific school,Selective (Greek recruitment)
snafu_prov,Tier 2,SNAFU Improv,Performing Arts & Music,Campus-wide / No specific school,Likely open (not stated)
texas_sps,Tier 2,Society of Physics Students,Academic & Scholarly,College of Natural Sciences,Open to all
sparkmagazinetx,Tier 2,SPARK Magazine,"Visual Arts, Media & Writing",Campus-wide / No specific school,Likely open (not stated)
spicmacay_utaustin,Tier 2,SPIC MACAY Chapter at UT Austin,Performing Arts & Music,Campus-wide / No specific school,Likely open (not stated)
steeldanceco,Tier 2,STEEL Dance Company,Performing Arts & Music,Campus-wide / No specific school,Likely open (not stated)
ut_samo,Tier 2,Street Art Muralist Organization,"Visual Arts, Media & Writing",Campus-wide / No specific school,Likely open (not stated)
sasputaustin,Tier 2,Student Affiliates for School Psychology,Academic & Scholarly,College of Education,Restricted to program / degree
sba_ut,Tier 2,Student Bar Association,Student Government / Councils,School of Law,Restricted to program / degree
utsnpha,Tier 2,Student National Pharmaceutical Association,Pre-Health & Healthcare,College of Pharmacy,Restricted to program / degree
unidoslbj,Tier 2,Students Unidos at the LBJ School,Cultural & Identity,LBJ School of Public Affairs,Restricted to program / degree
synapsetexas,Tier 2,Synapse,Academic & Scholarly,Campus-wide / No specific school,Open to all
tabletennisclub_ttc,Tier 2,Table Tennis Club,Sports & Recreation,Campus-wide / No specific school,Open to all
texastabletalk,Tier 2,TableTalk,"Visual Arts, Media & Writing",Campus-wide / No specific school,Likely open (not stated)
tbsbetagamma,Tier 2,Tau Beta Sigma - Beta Gamma Chapter,Performing Arts & Music,College of Fine Arts,Likely open (not stated)
tketexas,Tier 2,Tau Kappa Epsilon Fraternity,Greek Life (Social),Campus-wide / No specific school,Selective (Greek recruitment)
teachersoftomorrowut,Tier 2,Teachers of Tomorrow,Academic & Scholarly,College of Education,Likely open (not stated)
longhornterrys,Tier 2,Terry Scholar Student Association,Academic & Scholarly,Campus-wide / No specific school,Major / program focused (often open)
txangels,Tier 2,Texas Angels,Spirit & Honorary Groups,Campus-wide / No specific school,Selective (application / GPA / invitation)
tango_utaustin,Tier 2,Texas Argentine Tango,Performing Arts & Music,Campus-wide / No specific school,Likely open (not stated)
texas.ballet,Tier 2,Texas Ballet Club,Performing Arts & Music,Campus-wide / No specific school,Open to all
texasballroom,Tier 2,Texas Ballroom,Performing Arts & Music,Campus-wide / No specific school,Open to all
tx_diamonds,Tier 2,Texas Baseball Diamonds,Spirit & Honorary Groups,Campus-wide / No specific school,Selective (application / GPA / invitation)
txbigdippers,Tier 2,Texas Big Dippers,Other / Uncategorized,Campus-wide / No specific school,Likely open (not stated)
texasblacklens,Tier 2,Texas Black Lens,"Visual Arts, Media & Writing",Campus-wide / No specific school,Likely open (not stated)
texasblazers,Tier 2,Texas Blazers,Spirit & Honorary Groups,Campus-wide / No specific school,Selective (application / GPA / invitation)
txbluebonnets,Tier 2,Texas Bluebonnets,Spirit & Honorary Groups,Campus-wide / No specific school,Selective (application / GPA / invitation)
texasbowlingclub,Tier 2,Texas Bowling Club,Sports & Recreation,Campus-wide / No specific school,Open to all
texascellos.utaustin,Tier 2,Texas Cellos @ ATX,Performing Arts & Music,Campus-wide / No specific school,Major / program focused (often open)
tcup_ut,Tier 2,Texas Creative Union Project,"Visual Arts, Media & Writing",Campus-wide / No specific school,Likely open (not stated)
rowfortexas,Tier 2,Texas Crew,Sports & Recreation,Campus-wide / No specific school,Selective (application / tryout)
texasdarlins,Tier 2,Texas Darlins,Spirit & Honorary Groups,Campus-wide / No specific school,Selective (application / GPA / invitation)
texasdhoom,Tier 2,Texas Dhoom,Performing Arts & Music,Campus-wide / No specific school,Likely open (not stated)
texasdiabolo,Tier 2,Texas Diabolo Association,Performing Arts & Music,Campus-wide / No specific school,Likely open (not stated)
tddtaustin,Tier 2,Texas Dragon/Lion Dance Team,Performing Arts & Music,Campus-wide / No specific school,Likely open (not stated)
texaseeb,Tier 2,"Texas Ecology, Evolution, and Behavior Club",Academic & Scholarly,College of Natural Sciences,Open to all
texasequestrianteam,Tier 2,Texas Equestrian Team,Sports & Recreation,Campus-wide / No specific school,Likely open (not stated)
texasffs,Tier 2,Texas Fashion for Students,"Visual Arts, Media & Writing",Campus-wide / No specific school,Likely open (not stated)
32.fsc,Tier 2,Texas Figure Skating,Sports & Recreation,Campus-wide / No specific school,Selective (application / tryout)
texasfolklorico,Tier 2,Texas Folklorico Dance Company,Performing Arts & Music,Campus-wide / No specific school,Likely open (not stated)
texasfuego,Tier 2,Texas Fuego,Spirit & Honorary Groups,Campus-wide / No specific school,Selective (application / GPA / invitation)
texasgymnastics,Tier 2,Texas Gymnastics,Sports & Recreation,Campus-wide / No specific school,Selective (application / tryout)
uthandball,Tier 2,Texas Handball,Sports & Recreation,Campus-wide / No specific school,Likely open (not stated)
texashorizons,Tier 2,Texas Horizons,Spirit & Honorary Groups,Campus-wide / No specific school,Selective (application / GPA / invitation)
texasicehockey,Tier 2,Texas Ice Hockey,Sports & Recreation,Campus-wide / No specific school,Likely open (not stated)
txinfinites,Tier 2,Texas Infinites,Spirit & Honorary Groups,Campus-wide / No specific school,Selective (application / GPA / invitation)
thetexasironspikes,Tier 2,Texas Iron Spikes,Spirit & Honorary Groups,Campus-wide / No specific school,Selective (application / GPA / invitation)
texasjudo,Tier 2,Texas Judo,Sports & Recreation,Campus-wide / No specific school,Open to all
txlassos,Tier 2,Texas Lassos,Spirit & Honorary Groups,Campus-wide / No specific school,Selective (application / GPA / invitation)
texaslatindance,Tier 2,Texas Latin Dance,Performing Arts & Music,Campus-wide / No specific school,Likely open (not stated)
texaslawfellows,Tier 2,Texas Law Fellowships,Law & Pre-Law,School of Law,Restricted to program / degree
texaslonestars,Tier 2,Texas Lonestars,Spirit & Honorary Groups,Campus-wide / No specific school,Selective (application / GPA / invitation)
utlacrosse,Tier 2,Texas Men's Lacrosse,Sports & Recreation,Campus-wide / No specific school,Likely open (not stated)
utmvb,Tier 2,Texas Men's Volleyball,Sports & Recreation,Campus-wide / No specific school,Likely open (not stated)
texasmwp,Tier 2,Texas Men's Water Polo,Sports & Recreation,Campus-wide / No specific school,Likely open (not stated)
texasmohini,Tier 2,Texas Mohini Dance Team,Performing Arts & Music,Campus-wide / No specific school,Likely open (not stated)
texasproducers,Tier 2,Texas Music Producers,Performing Arts & Music,Campus-wide / No specific school,Likely open (not stated)
texasnovas,Tier 2,Texas Novas,Spirit & Honorary Groups,Campus-wide / No specific school,Selective (application / GPA / invitation)
txorangejackets,Tier 2,Texas Orange Jackets,Spirit & Honorary Groups,Campus-wide / No specific school,Selective (application / GPA / invitation)
texas_pearls,Tier 2,Texas Pearls,Spirit & Honorary Groups,Campus-wide / No specific school,Selective (application / GPA / invitation)
texasquadball,Tier 2,Texas Quadball,Sports & Recreation,Campus-wide / No specific school,Likely open (not stated)
texasrockclimbing,Tier 2,Texas Rock Climbing,Sports & Recreation,Campus-wide / No specific school,Likely open (not stated)
utexasrugby,Tier 2,Texas Rugby,Sports & Recreation,Campus-wide / No specific school,Likely open (not stated)
texasrunningclub,Tier 2,Texas Running Club,Sports & Recreation,Campus-wide / No specific school,Open to all
texas_scibowl,Tier 2,Texas Science Bowl,Academic & Scholarly,Campus-wide / No specific school,Selective (application / tryout)
texassao,Tier 2,Texas Sigma Alpha Omega,Greek Life (Social),Campus-wide / No specific school,Selective (Greek recruitment)
texasound,Tier 2,Texas Society Of Unconventional Drummers,Performing Arts & Music,Campus-wide / No specific school,Likely open (not stated)
utexassoc,Tier 2,Texas Sociological Association,Academic & Scholarly,College of Liberal Arts,Selective (application / tryout)
texassocratic_,Tier 2,Texas Socratic,Academic & Scholarly,Campus-wide / No specific school,Likely open (not stated)
texasspirits,Tier 2,Texas Spirits,Spirit & Honorary Groups,Campus-wide / No specific school,Selective (application / GPA / invitation)
txstrikinglab,Tier 2,Texas Striking Laboratory,Sports & Recreation,Campus-wide / No specific school,Likely open (not stated)
tspa.atx,Tier 2,Texas Student Psychological Association,Academic & Scholarly,College of Liberal Arts,Likely open (not stated)
texasstudenttv,Tier 2,Texas Student Television,"Visual Arts, Media & Writing",Campus-wide / No specific school,Likely open (not stated)
texassunshines,Tier 2,Texas Sunshines,Spirit & Honorary Groups,Campus-wide / No specific school,Selective (application / GPA / invitation)
txsweethearts,Tier 2,Texas Sweethearts,Spirit & Honorary Groups,Campus-wide / No specific school,Selective (application / GPA / invitation)
texas_tabletennis,Tier 2,Texas Table Tennis,Sports & Recreation,Campus-wide / No specific school,Open to all
texastalaash,Tier 2,Texas Talaash,Performing Arts & Music,Campus-wide / No specific school,Selective (application / tryout)
texastrapandskeet,Tier 2,Texas Trap and Skeet,Sports & Recreation,Campus-wide / No specific school,Open to all
texastravesty,Tier 2,Texas Travesty,"Visual Arts, Media & Writing",Campus-wide / No specific school,Likely open (not stated)
txtriathloncycling,Tier 2,Texas Triathlon & Cycling,Sports & Recreation,Campus-wide / No specific school,Likely open (not stated)
txvisualartscollective,Tier 2,Texas Visual Arts Collective,"Visual Arts, Media & Writing",Campus-wide / No specific school,Likely open (not stated)
texas_wake,Tier 2,Texas Wake,Sports & Recreation,Campus-wide / No specific school,Likely open (not stated)
texaswomenslax,Tier 2,Texas Women's Club Lacrosse,Sports & Recreation,Campus-wide / No specific school,Selective (application / tryout)
txwomensrugby,Tier 2,Texas Women's Rugby,Sports & Recreation,Campus-wide / No specific school,Open to all
texaswranglers,Tier 2,Texas Wranglers,Spirit & Honorary Groups,Campus-wide / No specific school,Selective (application / GPA / invitation)
txwritingsociety,Tier 2,Texas Writing Society,"Visual Arts, Media & Writing",Campus-wide / No specific school,Selective (application / tryout)
texaswushu,Tier 2,Texas Wushu,Performing Arts & Music,Campus-wide / No specific school,Likely open (not stated)
texaslawaggies,Tier 2,The Aggie Society at Texas Law,Law & Pre-Law,School of Law,Restricted to program / degree
thecorralut,Tier 2,The Corral,Spirit & Honorary Groups,Campus-wide / No specific school,Selective (application / GPA / invitation)
thedailytexan,Tier 2,The Daily Texan,"Visual Arts, Media & Writing",Campus-wide / No specific school,Likely open (not stated)
the.folklore.society,Tier 2,The Folklore Society,Academic & Scholarly,Campus-wide / No specific school,Open to all
philosophysocietyutx,Tier 2,The Philosophy Society at The University of Texas,Academic & Scholarly,College of Liberal Arts,Open to all
txransomnotes,Tier 2,The Ransom Notes,Performing Arts & Music,Campus-wide / No specific school,Likely open (not stated)
atxthespace,Tier 2,The Space - ATX,Performing Arts & Music,Campus-wide / No specific school,Likely open (not stated)
thetejasclub,Tier 2,The Tejas Club,Spirit & Honorary Groups,Campus-wide / No specific school,Major / program focused (often open)
thetexasorator,Tier 2,The Texas Orator,"Visual Arts, Media & Writing",Campus-wide / No specific school,Likely open (not stated)
txtriplehelix,Tier 2,The Triple Helix at UT Austin,Academic & Scholarly,Campus-wide / No specific school,Likely open (not stated)
texasthetachi,Tier 2,Theta Chi Fraternity,Greek Life (Social),Campus-wide / No specific school,Selective (Greek recruitment)
tmls_utlaw,Tier 2,Thurgood Marshall Legal Society,Law & Pre-Law,School of Law,Restricted to program / degree
triangleutaustin,Tier 2,Triangle Fraternity,Greek Life (Social),Campus-wide / No specific school,Selective (Greek recruitment)
txmedstart,Tier 2,TX MedstART,"Visual Arts, Media & Writing",Campus-wide / No specific school,Likely open (not stated)
tx_nlgja,Tier 2,TX NLGJA,"Visual Arts, Media & Writing",Campus-wide / No specific school,Open to all
texasbhangra,Tier 2,TXBhangra,Performing Arts & Music,Campus-wide / No specific school,Selective (application / tryout)
texas_aso_dance,Tier 2,UBUNTU,Performing Arts & Music,Campus-wide / No specific school,Likely open (not stated)
texasuls,Tier 2,Undergraduate Linguistic Society,Academic & Scholarly,College of Liberal Arts,Likely open (not stated)
universityfashiongroup,Tier 2,University Fashion Group,"Visual Arts, Media & Writing",Campus-wide / No specific school,Selective (application / tryout)
texascarillon,Tier 2,University of Texas Guild of Carillonneurs,Performing Arts & Music,Campus-wide / No specific school,Likely open (not stated)
utexasweightlifting,Tier 2,University of Texas Weightlifting Team,Sports & Recreation,Campus-wide / No specific school,Open to all
utuniversityorch,Tier 2,University Orchestra Student Association,Performing Arts & Music,Campus-wide / No specific school,Major / program focused (often open)
texasutg,Tier 2,University Theatre Guild,Performing Arts & Music,Campus-wide / No specific school,Likely open (not stated)
university.yogaclub,Tier 2,University Yoga Club,Sports & Recreation,Campus-wide / No specific school,Likely open (not stated)
utaustinarchery,Tier 2,UT Archery,Sports & Recreation,Campus-wide / No specific school,Open to all
utaustin_badmintonclub,Tier 2,UT Badminton Club,Sports & Recreation,Campus-wide / No specific school,Likely open (not stated)
utexasdance,Tier 2,UT Dance Team,Performing Arts & Music,Campus-wide / No specific school,Likely open (not stated)
texasfencing,Tier 2,UT Fencing Club,Sports & Recreation,Campus-wide / No specific school,Major / program focused (often open)
texasmsoccer,Tier 2,UT Men's Soccer Team,Sports & Recreation,Campus-wide / No specific school,Major / program focused (often open)
texasmensultimate,Tier 2,UT Men's Ultimate Club,Sports & Recreation,Campus-wide / No specific school,Likely open (not stated)
longhornracquetball,Tier 2,UT Racquetball Club,Sports & Recreation,Campus-wide / No specific school,Likely open (not stated)
utsailingteam,Tier 2,UT Sailing Team,Sports & Recreation,Campus-wide / No specific school,Selective (application / tryout)
ut_water_ski,Tier 2,UT Water Ski Team,Sports & Recreation,Campus-wide / No specific school,Likely open (not stated)
ut_womensclubsoccer,Tier 2,UT Women's Club Soccer,Sports & Recreation,Campus-wide / No specific school,Likely open (not stated)
txmelee,Tier 2,UT Women's Ultimate Frisbee,Sports & Recreation,Campus-wide / No specific school,Likely open (not stated)
texaswvc,Tier 2,UT Women's Volleyball Club,Sports & Recreation,Campus-wide / No specific school,Likely open (not stated)
texaswaterpolo,Tier 2,UT Women's Water Polo,Sports & Recreation,Campus-wide / No specific school,Likely open (not stated)
utalentrecords,Tier 2,UTalent Records,Performing Arts & Music,Campus-wide / No specific school,Likely open (not stated)
uteachla,Tier 2,UTeach-Liberal Arts,Academic & Scholarly,College of Liberal Arts; College of Education,Major / program focused (often open)
waxzine.atx,Tier 2,Wax Magazine,"Visual Arts, Media & Writing",Campus-wide / No specific school,Likely open (not stated)
wip_utaustin,Tier 2,Women in Psychology,Academic & Scholarly,College of Liberal Arts,Likely open (not stated)
womenslawcaucus,Tier 2,Women's Law Caucus,Law & Pre-Law,School of Law,Restricted to program / degree
utexaszetas,Tier 2,"Zeta Phi Beta Sorority, Incorporated - Omicron Theta Chapter",Greek Life (Social),Campus-wide / No specific school,Selective (Greek recruitment)
zetapsitexas,Tier 2,Zeta Psi Fraternity,Greek Life (Social),Campus-wide / No specific school,Selective (Greek recruitment)
texaszta,Tier 2,Zeta Tau Alpha,Greek Life (Social),Campus-wide / No specific school,Selective (Greek recruitment)
txzobha,Tier 2,Zobha,Performing Arts & Music,Campus-wide / No specific school,Likely open (not stated)
